VBCSCompilerPreWarmer: pre-warm launched (dotnet PID 9288)
VBCSCompiler prewarm took 86.67 ms
Built from '6000.6/respin/6000.6.0f1-fa21a270ab12' branch; Version is '6000.6.0f1 (f7f8ed4d1e24) revision 16251117'; Using compiler version '194234433'; Build Type 'Release'
OS: 'Windows 11  (10.0.26200) Core' Language: 'en' Physical Memory: 16208 MB
BatchMode: 0, IsHumanControllingUs: 1, StartBugReporterOnCrash: 1, Is64bit: 1
System  architecture: x64
Process architecture: x64
Date: 2026-09-24T22:10:35Z
[Licensing::Module] Trying to connect to existing licensing client channel...
[Licensing::IpcConnector] Successfully connected to: "LicenseClient-WAEC1EyiiZrrBbSeSSQu7" at "2026-09-24T22:10:35.9403166Z"
[Licensing::Client] Code 10 while verifying Licensing Client signature (process Id: 18360, path: "C:/Program Files/Unity Hub/UnityLicensingClient_V1/Unity.Licensing.Client.exe")
[Licensing::Module] LicensingClient has failed validation; ignoring
[Licensing::Client] Handshaking with LicensingClient:
  Version:                 1.18.3+d7ffd15
  Session Id:              bcdd0345cc7049aeb3be00efe7f39d99
  Correlation Id:          1330d2a581d7137aeef1bed4a47e9b1e
  External correlation Id: 1179997875397210925
  Machine Id:              qWafhisASDQIfrFUAICso/rlL1w=
[Licensing::Module] Successfully connected to LicensingClient on channel: "LicenseClient-WAEC1EyiiZrrBbSeSSQu7" (connect: 0.00s, validation: 0.01s, handshake: 0.22s)
[Licensing::IpcConnector] Successfully connected to: "LicenseClient-WAEC1EyiiZrrBbSeSSQu7-notifications" at "2026-09-24T22:10:36.1685359Z"
[Licensing::Client] Successfully updated the access token
[Licensing::Module] Successfully updated the access token Rs9xhaA_S5...
[Licensing::Client] Successfully resolved entitlement details
[Licensing::Module] License group:
  Id: F4-3VZ2-5WT4-GH8V-WM95-XXXX
  Product: Unity Personal
  Type: ULF
  Expiration: Unlimited
[Licensing::Module] License group:
  Id: 2476045025254-UnityPersXXXX
  Product: Unity Personal
  Type: Assigned
  Expiration: Unlimited
[Licensing::Client] Successfully updated license, isAsync: True, time: 0.07
[Licensing::Client] Successfully resolved entitlement details
[Licensing::Module] License group:
  Id: F4-3VZ2-5WT4-GH8V-WM95-XXXX
  Product: Unity Personal
  Type: ULF
  Expiration: Unlimited
[Licensing::Module] License group:
  Id: 2476045025254-UnityPersXXXX
  Product: Unity Personal
  Type: Assigned
  Expiration: Unlimited
[Licensing::Module] Licensing Background thread has ended after 0.38s

COMMAND LINE ARGUMENTS:
C:\Program Files\Unity\Hub\Editor\6000.6.0f1\Editor\Unity.exe
-projectpath
C:\Users\nadia\Documents\GitHub\KioskProject\KioskProject
-acceptSoftwareTermsForThisRunOnly
-useHub
-hubIPC
-cloudEnvironment
production
-licensingIpc
LicenseClient-WAEC1EyiiZrrBbSeSSQu7
-hubSessionId
96f88f14-38ad-4f54-9a42-39ac83356b2a
-accessToken
Rs9xhaA_S5V0KEryhP7LnEFavRxFWDwbx_XKmSkZk8o002f
Successfully changed project path to: C:\Users\nadia\Documents\GitHub\KioskProject\KioskProject
C:/Users/nadia/Documents/GitHub/KioskProject/KioskProject
[UnityMemory] Configuration Parameters - Can be set up in boot.config
    "memorysetup-temp-allocator-size-gi-baking-worker=262144"
    "memorysetup-temp-allocator-size-gi-baking-worker=262144"
    "memorysetup-temp-allocator-size-gi-baking-worker=262144"
    "memorysetup-temp-allocator-size-gi-baking-worker=262144"
    "memorysetup-temp-allocator-size-gi-baking-worker=262144"
    "memorysetup-temp-allocator-size-nav-mesh-worker=65536"
    "memorysetup-temp-allocator-size-audio-worker=65536"
    "memorysetup-temp-allocator-size-cloud-worker=32768"
    "memorysetup-temp-allocator-size-gfx=262144"
    "memorysetup-remapper-allocator-initial-capacity=32768"
    "memorysetup-temp-allocator-size-preload-manager=33554432"
    "memorysetup-allocator-temp-initial-block-size-main=262144"
    "memorysetup-allocator-temp-initial-block-size-worker=262144"
    "memorysetup-temp-allocator-size-job-worker=262144"
    "memorysetup-temp-allocator-size-background-worker=32768"
    "memorysetup-bucket-allocator-granularity=16"
    "memorysetup-bucket-allocator-bucket-count=8"
    "memorysetup-bucket-allocator-block-size=33554432"
    "memorysetup-bucket-allocator-block-count=8"
    "memorysetup-main-allocator-block-size=16777216"
    "memorysetup-thread-allocator-block-size=16777216"
    "memorysetup-main-allocator-mimalloc-enabled=1"
    "memorysetup-gfx-main-allocator-block-size=16777216"
    "memorysetup-gfx-thread-allocator-block-size=16777216"
    "memorysetup-cache-allocator-block-size=4194304"
    "memorysetup-typetree-allocator-block-size=2097152"
    "memorysetup-profiler-bucket-allocator-granularity=16"
    "memorysetup-profiler-bucket-allocator-bucket-count=8"
    "memorysetup-profiler-bucket-allocator-block-size=33554432"
    "memorysetup-profiler-bucket-allocator-block-count=8"
    "memorysetup-profiler-allocator-block-size=16777216"
    "memorysetup-profiler-editor-allocator-block-size=1048576"
    "memorysetup-temp-allocator-size-main=16777216"
    "memorysetup-job-temp-allocator-block-size=2097152"
    "memorysetup-job-temp-allocator-block-size-background=1048576"
    "memorysetup-job-temp-allocator-reduction-small-platforms=262144"
Player connection [21960]  Target information:

Player connection [21960]  * "[IP] 216.37.97.21 [Port] 55504 [Flags] 2 [Guid] 4090789474 [EditorId] 4090789474 [Version] 1048832 [Id] WindowsEditor(7,Nadiasurface) [Debug] 1 [PackageName] WindowsEditor [ProjectName] Editor" 

Player connection [21960] Host joined multi-casting on [225.0.0.222:54997]...
Player connection [21960] Host joined alternative multi-casting on [225.0.0.222:34997]...
Input System module state changed to: Initialized.
[Physics::Module] Initialized fallback backend.
[Physics::Module] Id: 0xdecafbad
[Package Manager] Connected to IPC stream "Upm-15864" after 0.9 seconds.
[Licensing::Client] Successfully resolved entitlement details
[Licensing::Module] License group:
  Id: F4-3VZ2-5WT4-GH8V-WM95-XXXX
  Product: Unity Personal
  Type: ULF
  Expiration: Unlimited
[Licensing::Module] License group:
  Id: 2476045025254-UnityPersXXXX
  Product: Unity Personal
  Type: Assigned
  Expiration: Unlimited
Library Redirect Path: Library/
Initialising UDS system complete:
  - System type: Client
  - Resource namespace: 4aa196f9ef678214ef5c967b6b899d95
  - Shared memory size: 1073741824
  - Command buffer id: 1052576
  - Command buffer size: 8192
  - Hashmap size: 4194304
  - Service connected: false
Launching Unity Data Store - C:/Program Files/Unity/Hub/Editor/6000.6.0f1/Editor/Data/Tools/Unity.DataStore.exe 
Unity Data Store artifact dir = Library/DataStore, working dir = C:/Users/nadia/Documents/GitHub/KioskProject/KioskProject[Physics::Module] Selected backend.
[Physics::Module] Name: PhysX
[Physics::Module] Id: 0xf2b8ea05
[Physics::Module] SDK Version: 4.1.2
[Physics::Module] Integration Version: 1.0.0
[Physics::Module] Threading Mode: Multi-Threaded
Active build profile path: `Assets/Settings/Build Profiles/Windows.asset`
Unity Data Store running and initialised
Got setting from build profile YAML, name `m_BuildTarget`, value `19`
Got setting from build profile YAML, name `m_Subtarget`, value `2`
Refreshing native plugins compatible for Editor in 4.11 ms, found 0 plugins.
Initialize engine version: 6000.6.0f1 (f7f8ed4d1e24)
[EntityIdStore] init: VM path (explicit commit), pageSize=4096, blockCount=1048576, entitiesPerBlock=256, slots reserved=4294967296 bytes
[Subsystems] Discovering subsystems at path C:/Program Files/Unity/Hub/Editor/6000.6.0f1/Editor/Data/Resources/UnitySubsystems
[Subsystems] Discovering subsystems at path C:/Users/nadia/Documents/GitHub/KioskProject/KioskProject/Assets
GfxDevice: creating device client; kGfxThreadingModeThreaded
Direct3D:
    Version:  Direct3D 11.0 [level 11.1]
    Renderer: Intel(R) Iris(R) Xe Graphics (ID=0x46a8)
    Vendor:   Intel
    VRAM:     8104 MB
    Driver:   32.0.101.6737
Initialize mono
Mono path[0] = 'C:/Program Files/Unity/Hub/Editor/6000.6.0f1/Editor/Data/Managed'
Mono path[1] = 'C:/Program Files/Unity/Hub/Editor/6000.6.0f1/Editor/Data/BCLExtensions/runtime/netstandard2.1'
Mono path[2] = 'C:/Program Files/Unity/Hub/Editor/6000.6.0f1/Editor/Data/MonoBleedingEdge/lib/mono/unityjit-win32'
Mono config path = 'C:/Program Files/Unity/Hub/Editor/6000.6.0f1/Editor/Data/MonoBleedingEdge/etc'
Using monoOptions --debugger-agent=transport=dt_socket,embedding=1,server=y,suspend=n,address=127.0.0.1:56864
CodeReloadManager initialized
ImportWorker Server TCP listen port: 0
AcceleratorClientConnectionCallback - disconnected - :0
Begin MonoManager ReloadAssembly
Registering precompiled unity dll's ...
Register platform support module: C:/Program Files/Unity/Hub/Editor/6000.6.0f1/Editor/Data/PlaybackEngines/WebGLSupport/UnityEditor.WebGL.Extensions.dll
Register platform support module: C:/Program Files/Unity/Hub/Editor/6000.6.0f1/Editor/Data/PlaybackEngines/WindowsStandaloneSupport/UnityEditor.WindowsStandalone.Extensions.dll
Registered in 1.082417 seconds.
Native extension for WindowsStandalone target not found
Native extension for WebGL target not found
Package Manager log level set to [2]
ScheduleIndexationOnStartup MainProcess:False IndexOnStartup:True
Scripting: successfully reloaded assembly
- Finished resetting the current domain, in 12.902 seconds
Domain Reload Profiling: 24204ms
	BeginReloadAssembly (1019ms)
		CreateAndSetChildDomain (29ms)
	RebuildCommonClasses (23ms)
	RebuildNativeTypeToScriptingClass (654ms)
	initialDomainReloadingComplete (1945ms)
	LoadAllAssembliesAndSetupDomain (7653ms)
		LoadAssemblies (1016ms)
		TypeCache.Refresh (6903ms)
			TypeCache.ScanAssembly (5484ms)
		AnalyzeDomain (31ms)
			BuildScriptInfoCaches (25ms)
	FinalizeReload (12910ms)
		SetupLoadedEditorAssemblies (0ms)
			LogAssemblyErrors (21ms)
			InitializePlatformSupportModulesInManaged (290ms)
			BeforeProcessingInitializeOnLoad (528ms)
			ProcessInitializeOnLoadAttributes (494ms)
			ProcessInitializeOnLoadMethodAttributes (7483ms)
			EditorAssembliesLoaded (7ms)
[Licensing::Client] Successfully resolved entitlement details
[Licensing::Module] License group:
  Id: F4-3VZ2-5WT4-GH8V-WM95-XXXX
  Product: Unity Personal
  Type: ULF
  Expiration: Unlimited
[Licensing::Module] License group:
  Id: 2476045025254-UnityPersXXXX
  Product: Unity Personal
  Type: Assigned
  Expiration: Unlimited
Application.AssetDatabase Initial Refresh Start
[Package Manager] Restoring resolved packages state from cache
[Licensing::Client] Successfully resolved entitlement details
[Package Manager] Registered 65 packages:
  Packages from [https://packages.unity.com]:
    com.unity.ai.assistant@2.19.0-pre.2 (location: C:\Users\nadia\Documents\GitHub\KioskProject\KioskProject\Library\PackageCache\com.unity.ai.assistant@8d1e3e89e3a7)
    com.unity.ai.inference@2.6.1 (location: C:\Users\nadia\Documents\GitHub\KioskProject\KioskProject\Library\PackageCache\com.unity.ai.inference@9a123aee5df7)
    com.unity.ai.navigation@2.0.14 (location: C:\Users\nadia\Documents\GitHub\KioskProject\KioskProject\Library\PackageCache\com.unity.ai.navigation@134dd6a3b97b)
    com.unity.collab-proxy@2.13.6 (location: C:\Users\nadia\Documents\GitHub\KioskProject\KioskProject\Library\PackageCache\com.unity.collab-proxy@4628d2ba6ea4)
    com.unity.ide.rider@3.0.38 (location: C:\Users\nadia\Documents\GitHub\KioskProject\KioskProject\Library\PackageCache\com.unity.ide.rider@1f60b3138684)
    com.unity.ide.visualstudio@2.0.26 (location: C:\Users\nadia\Documents\GitHub\KioskProject\KioskProject\Library\PackageCache\com.unity.ide.visualstudio@a99d56dec63f)
    com.unity.inputsystem@1.20.0 (location: C:\Users\nadia\Documents\GitHub\KioskProject\KioskProject\Library\PackageCache\com.unity.inputsystem@7a4e1a2a8194)
    com.unity.visualscripting@1.9.12 (location: C:\Users\nadia\Documents\GitHub\KioskProject\KioskProject\Library\PackageCache\com.unity.visualscripting@4edfcc09512f)
    com.unity.dt.app-ui@2.1.11 (location: C:\Users\nadia\Documents\GitHub\KioskProject\KioskProject\Library\PackageCache\com.unity.dt.app-ui@cd5609b130ce)
    com.unity.nuget.newtonsoft-json@3.2.2 (location: C:\Users\nadia\Documents\GitHub\KioskProject\KioskProject\Library\PackageCache\com.unity.nuget.newtonsoft-json@4dfd81071c64)
    com.unity.nuget.mono-cecil@1.11.6 (location: C:\Users\nadia\Documents\GitHub\KioskProject\KioskProject\Library\PackageCache\com.unity.nuget.mono-cecil@ecb9724e46ff)
    com.unity.searcher@4.9.5 (location: C:\Users\nadia\Documents\GitHub\KioskProject\KioskProject\Library\PackageCache\com.unity.searcher@a463122f2c00)
    com.unity.profiling.core@1.0.3 (location: C:\Users\nadia\Documents\GitHub\KioskProject\KioskProject\Library\PackageCache\com.unity.profiling.core@8a49f7027d06)
  Built-in packages:
    com.unity.render-pipelines.universal@17.6.0 (location: C:\Users\nadia\Documents\GitHub\KioskProject\KioskProject\Library\PackageCache\com.unity.render-pipelines.universal@8457e85b8184)
    com.unity.test-framework@1.8.0 (location: C:\Users\nadia\Documents\GitHub\KioskProject\KioskProject\Library\PackageCache\com.unity.test-framework@7a3849e09bd0)
    com.unity.timeline@6.6.0 (location: C:\Users\nadia\Documents\GitHub\KioskProject\KioskProject\Library\PackageCache\com.unity.timeline@281d5f7e7d7d)
    com.unity.ugui@2.6.0 (location: C:\Users\nadia\Documents\GitHub\KioskProject\KioskProject\Library\PackageCache\com.unity.ugui@23caec89ae27)
    com.unity.modules.accessibility@1.0.0 (location: C:\Users\nadia\Documents\GitHub\KioskProject\KioskProject\Library\PackageCache\com.unity.modules.accessibility)
    com.unity.modules.adaptiveperformance@1.0.0 (location: C:\Users\nadia\Documents\GitHub\KioskProject\KioskProject\Library\PackageCache\com.unity.modules.adaptiveperformance)
    com.unity.modules.ai@1.0.0 (location: C:\Users\nadia\Documents\GitHub\KioskProject\KioskProject\Library\PackageCache\com.unity.modules.ai)
    com.unity.modules.androidjni@1.0.0 (location: C:\Users\nadia\Documents\GitHub\KioskProject\KioskProject\Library\PackageCache\com.unity.modules.androidjni)
    com.unity.modules.animation@1.0.0 (location: C:\Users\nadia\Documents\GitHub\KioskProject\KioskProject\Library\PackageCache\com.unity.modules.animation)
    com.unity.modules.assetbundle@1.0.0 (location: C:\Users\nadia\Documents\GitHub\KioskProject\KioskProject\Library\PackageCache\com.unity.modules.assetbundle)
    com.unity.modules.audio@1.0.0 (location: C:\Users\nadia\Documents\GitHub\KioskProject\KioskProject\Library\PackageCache\com.unity.modules.audio)
    com.unity.modules.cloth@1.0.0 (location: C:\Users\nadia\Documents\GitHub\KioskProject\KioskProject\Library\PackageCache\com.unity.modules.cloth)
    com.unity.modules.director@1.0.0 (location: C:\Users\nadia\Documents\GitHub\KioskProject\KioskProject\Library\PackageCache\com.unity.modules.director)
    com.unity.modules.imageconversion@1.0.0 (location: C:\Users\nadia\Documents\GitHub\KioskProject\KioskProject\Library\PackageCache\com.unity.modules.imageconversion)
    com.unity.modules.imgui@1.0.0 (location: C:\Users\nadia\Documents\GitHub\KioskProject\KioskProject\Library\PackageCache\com.unity.modules.imgui)
    com.unity.modules.jsonserialize@1.0.0 (location: C:\Users\nadia\Documents\GitHub\KioskProject\KioskProject\Library\PackageCache\com.unity.modules.jsonserialize)
    com.unity.modules.particlesystem@1.0.0 (location: C:\Users\nadia\Documents\GitHub\KioskProject\KioskProject\Library\PackageCache\com.unity.modules.particlesystem)
    com.unity.modules.physics@1.0.0 (location: C:\Users\nadia\Documents\GitHub\KioskProject\KioskProject\Library\PackageCache\com.unity.modules.physics)
    com.unity.modules.physics2d@1.0.0 (location: C:\Users\nadia\Documents\GitHub\KioskProject\KioskProject\Library\PackageCache\com.unity.modules.physics2d)
    com.unity.modules.physicscore2d@1.0.0 (location: C:\Users\nadia\Documents\GitHub\KioskProject\KioskProject\Library\PackageCache\com.unity.modules.physicscore2d)
    com.unity.modules.screencapture@1.0.0 (location: C:\Users\nadia\Documents\GitHub\KioskProject\KioskProject\Library\PackageCache\com.unity.modules.screencapture)
    com.unity.modules.terrain@1.0.0 (location: C:\Users\nadia\Documents\GitHub\KioskProject\KioskProject\Library\PackageCache\com.unity.modules.terrain)
    com.unity.modules.terrainphysics@1.0.0 (location: C:\Users\nadia\Documents\GitHub\KioskProject\KioskProject\Library\PackageCache\com.unity.modules.terrainphysics)
    com.unity.modules.tetgen@1.0.0 (location: C:\Users\nadia\Documents\GitHub\KioskProject\KioskProject\Library\PackageCache\com.unity.modules.tetgen)
    com.unity.modules.tilemap@1.0.0 (location: C:\Users\nadia\Documents\GitHub\KioskProject\KioskProject\Library\PackageCache\com.unity.modules.tilemap)
    com.unity.modules.timelinefoundation@1.0.0 (location: C:\Users\nadia\Documents\GitHub\KioskProject\KioskProject\Library\PackageCache\com.unity.modules.timelinefoundation)
    com.unity.modules.ui@1.0.0 (location: C:\Users\nadia\Documents\GitHub\KioskProject\KioskProject\Library\PackageCache\com.unity.modules.ui)
    com.unity.modules.uielements@1.0.0 (location: C:\Users\nadia\Documents\GitHub\KioskProject\KioskProject\Library\PackageCache\com.unity.modules.uielements)
    com.unity.modules.umbra@1.0.0 (location: C:\Users\nadia\Documents\GitHub\KioskProject\KioskProject\Library\PackageCache\com.unity.modules.umbra)
    com.unity.modules.unityanalytics@1.0.0 (location: C:\Users\nadia\Documents\GitHub\KioskProject\KioskProject\Library\PackageCache\com.unity.modules.unityanalytics)
    com.unity.modules.unitywebrequest@1.0.0 (location: C:\Users\nadia\Documents\GitHub\KioskProject\KioskProject\Library\PackageCache\com.unity.modules.unitywebrequest)
    com.unity.modules.unitywebrequestassetbundle@1.0.0 (location: C:\Users\nadia\Documents\GitHub\KioskProject\KioskProject\Library\PackageCache\com.unity.modules.unitywebrequestassetbundle)
    com.unity.modules.unitywebrequestaudio@1.0.0 (location: C:\Users\nadia\Documents\GitHub\KioskProject\KioskProject\Library\PackageCache\com.unity.modules.unitywebrequestaudio)
    com.unity.modules.unitywebrequesttexture@1.0.0 (location: C:\Users\nadia\Documents\GitHub\KioskProject\KioskProject\Library\PackageCache\com.unity.modules.unitywebrequesttexture)
    com.unity.modules.unitywebrequestwww@1.0.0 (location: C:\Users\nadia\Documents\GitHub\KioskProject\KioskProject\Library\PackageCache\com.unity.modules.unitywebrequestwww)
    com.unity.modules.vectorgraphics@1.0.0 (location: C:\Users\nadia\Documents\GitHub\KioskProject\KioskProject\Library\PackageCache\com.unity.modules.vectorgraphics)
    com.unity.modules.vehicles@1.0.0 (location: C:\Users\nadia\Documents\GitHub\KioskProject\KioskProject\Library\PackageCache\com.unity.modules.vehicles)
    com.unity.modules.video@1.0.0 (location: C:\Users\nadia\Documents\GitHub\KioskProject\KioskProject\Library\PackageCache\com.unity.modules.video)
    com.unity.modules.wind@1.0.0 (location: C:\Users\nadia\Documents\GitHub\KioskProject\KioskProject\Library\PackageCache\com.unity.modules.wind)
    com.unity.modules.xr@1.0.0 (location: C:\Users\nadia\Documents\GitHub\KioskProject\KioskProject\Library\PackageCache\com.unity.modules.xr)
    com.unity.modules.subsystems@1.0.0 (location: C:\Users\nadia\Documents\GitHub\KioskProject\KioskProject\Library\PackageCache\com.unity.modules.subsystems)
    com.unity.modules.hierarchycore@1.0.0 (location: C:\Users\nadia\Documents\GitHub\KioskProject\KioskProject\Library\PackageCache\com.unity.modules.hierarchycore)
    com.unity.ext.nunit@2.1.0 (location: C:\Users\nadia\Documents\GitHub\KioskProject\KioskProject\Library\PackageCache\com.unity.ext.nunit@0198eae3b53e)
    com.unity.render-pipelines.core@17.6.0 (location: C:\Users\nadia\Documents\GitHub\KioskProject\KioskProject\Library\PackageCache\com.unity.render-pipelines.core@2d66c71e606e)
    com.unity.shadergraph@17.6.0 (location: C:\Users\nadia\Documents\GitHub\KioskProject\KioskProject\Library\PackageCache\com.unity.shadergraph@ef6135652377)
    com.unity.render-pipelines.universal-config@17.6.0 (location: C:\Users\nadia\Documents\GitHub\KioskProject\KioskProject\Library\PackageCache\com.unity.render-pipelines.universal-config@561422b74439)
    com.unity.burst@2.0.0 (location: C:\Users\nadia\Documents\GitHub\KioskProject\KioskProject\Library\PackageCache\com.unity.burst@626e66ab421b)
    com.unity.collections@6.6.0 (location: C:\Users\nadia\Documents\GitHub\KioskProject\KioskProject\Library\PackageCache\com.unity.collections@10fff0607388)
    com.unity.2d.sprite@1.0.0 (location: C:\Users\nadia\Documents\GitHub\KioskProject\KioskProject\Library\PackageCache\com.unity.2d.sprite@947350d67f82)
    com.unity.mathematics@1.4.0 (location: C:\Users\nadia\Documents\GitHub\KioskProject\KioskProject\Library\PackageCache\com.unity.mathematics@8306a64d0cd6)
    com.unity.graph-authoring@1.0.0 (location: C:\Users\nadia\Documents\GitHub\KioskProject\KioskProject\Library\PackageCache\com.unity.graph-authoring@cfd2588851ee)
    com.unity.test-framework.performance@6.6.0 (location: C:\Users\nadia\Documents\GitHub\KioskProject\KioskProject\Library\PackageCache\com.unity.test-framework.performance@0a60b857a52e)
[Subsystems] No new subsystems found in resolved package list.
[Package Manager] Done registering packages in 0.11 seconds
[Licensing::Client] Successfully resolved entitlement details
[Licensing::Module] License group:
  Id: F4-3VZ2-5WT4-GH8V-WM95-XXXX
  Product: Unity Personal
  Type: ULF
  Expiration: Unlimited
[Licensing::Module] License group:
  Id: 2476045025254-UnityPersXXXX
  Product: Unity Personal
  Type: Assigned
  Expiration: Unlimited
Starting: C:\Program Files\Unity\Hub\Editor\6000.6.0f1\Editor\Data\Tools\BuildPipeline\bee_backend.exe --ipc --defer-dag-verification --dagfile="Library/Bee/1900b0aE.dag" --continue-on-failure --profile="Library/Bee/backend1.traceevents" ScriptAssemblies
WorkingDir: C:/Users/nadia/Documents/GitHub/KioskProject/KioskProject
warn: Unity.ILPP.Runner.PostProcessingAssemblyLoadContext[0]
      Assembly system.runtime.interopservices.windowsruntime has duplicate hint path. Ignoring "C:\Program Files\Unity\Hub\Editor\6000.6.0f1\Editor\Data\UnityReferenceAssemblies\unity-4.8-api\Facades\System.Runtime.InteropServices.WindowsRuntime.dll" in favor of "C:\Program Files\Unity\Hub\Editor\6000.6.0f1\Editor\Data\NetStandard\Extensions\2.0.0\System.Runtime.InteropServices.WindowsRuntime.dll"
warn: Unity.ILPP.Runner.PostProcessingAssemblyLoadContext[0]
      Assembly system.componentmodel.composition has duplicate hint path. Ignoring "C:\Program Files\Unity\Hub\Editor\6000.6.0f1\Editor\Data\UnityReferenceAssemblies\unity-4.8-api\System.ComponentModel.Composition.dll" in favor of "C:\Program Files\Unity\Hub\Editor\6000.6.0f1\Editor\Data\NetStandard\compat\2.1.0\shims\netfx\System.ComponentModel.Composition.dll"
ExitCode: 0 Duration: 9s755ms
[1217/1607  2s] ILPP-Configuration Library/ilpp-configuration.nevergeneratedoutput
[1599/1607  7s] Csc Library/Bee/artifacts/1900b0aE.dag/Assembly-CSharp.dll (+2 others)
*** Tundra build success (9.26 seconds), 2 items updated, 1607 evaluated
AssetDatabase: script compilation time: 14.997508s
Begin MonoManager ReloadAssembly
Symbol file LoadedFromMemory is not a mono symbol file
Symbol file LoadedFromMemory is not a mono symbol file
'Packages/com.unity.render-pipelines.core/Editor/Deprecated.cs' contains partial class of Unity.Object, exactly 1 of the partial classes needs to be in a file with the same filename. This is to know the one that can be referenced from ie. GameObjects
'Packages/com.unity.render-pipelines.core/Editor/Deprecated.cs' contains partial class of Unity.Object, exactly 1 of the partial classes needs to be in a file with the same filename. This is to know the one that can be referenced from ie. GameObjects
Refreshing native plugins compatible for Editor in 999.38 ms, found 5 plugins.
Native extension for WindowsStandalone target not found
Native extension for WebGL target not found
Refreshing native plugins compatible for Editor in 7.37 ms, found 5 plugins.
[Licensing::Client] Error: Code 404 while processing request (status: Found 0 entitlement groups and 0 free entitlements matching requested entitlement ids)
ScheduleIndexationOnStartup MainProcess:True IndexOnStartup:True
Scripting: successfully reloaded assembly
- Finished resetting the current domain, in  6.191 seconds
Domain Reload Profiling: 20022ms
	BeginReloadAssembly (974ms)
		DisableScriptedObjects (219ms)
		CreateAndSetChildDomain (268ms)
	RebuildCommonClasses (25ms)
	RebuildNativeTypeToScriptingClass (31ms)
	initialDomainReloadingComplete (225ms)
	LoadAllAssembliesAndSetupDomain (12574ms)
		LoadAssemblies (10737ms)
		TypeCache.Refresh (1244ms)
			TypeCache.ScanAssembly (1180ms)
		AnalyzeDomain (386ms)
			BuildScriptInfoCaches (353ms)
			ResolveRequiredComponents (27ms)
	FinalizeReload (6193ms)
		SetupLoadedEditorAssemblies (0ms)
			LogAssemblyErrors (4ms)
			InitializePlatformSupportModulesInManaged (20ms)
			BeforeProcessingInitializeOnLoad (344ms)
			ProcessInitializeOnLoadAttributes (3226ms)
			ProcessInitializeOnLoadMethodAttributes (755ms)
			AfterProcessingInitializeOnLoad (18ms)
			EditorAssembliesLoaded (5ms)
		AwakeInstancesAfterBackupRestoration (87ms)
Starting new worker id: 0 with log in C:/Users/nadia/Documents/GitHub/KioskProject/KioskProject/Logs/AssetImportWorkerHW0.log

Asset Pipeline Refresh (id=6c8064f1c6516d44da770836960ea891): Total: 109.899 seconds - Initiated by InitialRefreshV2(ForceSynchronousImport)
	(Values over 0.05ms)
	Summary:
		Imports: total=0 (actual=0, local cache=0, cache server=0)
		Asset DB Process Time: managed=0 ms, native=80276 ms
		Asset DB Callback time: managed=97 ms, native=189 ms
		Scripting: domain reloads=1, domain reload time=14041 ms, compile time=15003 ms, other=290 ms
		Project Asset Count: scripts=2188, non-scripts=5508
		Asset File Changes: new=0, changed=0, moved=0, deleted=0
		Scan Filter Count: 0
	InvokePackagesCallback: 193.724ms
	ApplyChangesToAssetFolders: 2.694ms
	Scan: 2210.874ms
	Collect global state as custom dependencies: 94.283ms
	CategorizeScriptCompilationAssets: 16919.694ms
	ProcessAssetsWithTransientArtifactChanges: 381.856ms
	CategorizeAssets: 442.528ms
	CompileScripts: 15003.021ms
	ImportOutOfDateAssets: 7282.956ms (7248.272ms without children)
		ReloadNativeAssets: 0.623ms
		UnloadImportedAssets: 2.315ms
		EnsureUptoDateAssetsAreRegisteredWithGuidPM: 3.149ms
		ImportSchedulerStart: 28.588ms
	PostProcessAllAssets: 97.991ms
		MonoPostProcessAllAssets: 97.906ms
			UniversalRenderPipelineGlobalSettingsPostprocessor.OnPostprocessAllAssets 43.947ms
			SyncVS.PostprocessSyncProject 8.368ms
			WindowAssetPostprocessingWatcher.OnPostprocessAllAssets 5.884ms
			RenderPipelineGlobalSettingsPostprocessor.OnPostprocessAllAssets 4.152ms
			SpeedTree9Postprocessor.OnPostprocessAllAssets 3.665ms
			GraphRefreshPostprocessor.OnPostprocessAllAssets 3.346ms
			AssetChangeDetector.OnPostprocessAllAssets 2.788ms
			EditModeScopePostprocessor.OnPostprocessAllAssets 1.736ms
			ShaderReflectionAssetPostProcessor.OnPostprocessAllAssets 1.466ms
			ReferencedClipsPostProcessor.OnPostprocessAllAssets 0.976ms
			AssetDatabaseCallbacks.OnPostprocessAllAssets 0.641ms
			InputActionAssetPostprocessor.OnPostprocessAllAssets 0.572ms
			ProjectSettingsPostprocessor.OnPostprocessAllAssets 0.521ms
			TerrainToolbarOverlayPostProcessor.OnPostprocessAllAssets 0.445ms
	UnloadStreamsBegin: 6.905ms
	PersistCurrentRevisions: 0.289ms
	GenerateScriptTypeHashes: 8.081ms
	GenerateScriptTypeSerializationHashes: 14.829ms
	Untracked: 67132.783ms

Application.AssetDatabase Initial Refresh End
Launched and connected shader compiler UnityShaderCompiler.exe after 0.13 seconds
Scanning for USB devices : 2.161ms
Initializing Unity extensions:
[MODES] ModeService[none].Initialize
[MODES] ModeService[none].LoadModes
[MODES] Loading mode Default (0) for mode-current-id-KioskProject
Unloading 110 Unused Serialized files (Serialized files now loaded: 0)
Loaded scene 'Assets/Scenes/Scene3.unity'
	Deserialize:            114.071 ms
	Integration:            932.453 ms
	Integration of assets:  9.889 ms
	Thread Wait Time:       0.036 ms
	Total Operation Time:   1056.449 ms
Unloading 10308 unused Assets / (28.5 MB). Loaded Objects now: 11352.
Memory consumption went from 0.57 GB to 0.54 GB.
Total: 157.354800 ms (FindLiveObjects: 3.272300 ms CreateObjectMapping: 2.199400 ms MarkObjects: 98.576500 ms  DeleteObjects: 51.815300 ms)

[LAYOUT] About to load UserSettings\Layouts\default-6000.dwlt, keepMainWindow=False
[LAYOUT] About to save layout C:\Users\nadia\Documents\GitHub\KioskProject\KioskProject\UserSettings\Layouts\default-6000.dwlt
[LAYOUT] About to save layout C:/Users/nadia/AppData/Roaming/Unity/Editor-5.x/Preferences\Layouts\current\default-6000.dwlt
[MODES] ModeService[default].InitializeCurrentMode
[MODES] ModeService[default].RaiseModeChanged(default, default)
<RI> Initializing input.
Using Windows.Gaming.Input
[Project] Loading completed in 175.151 seconds
	Project init time: 				163.147 seconds
		Template init time: 		0.000 seconds
		Package Manager init time: 		0.908 seconds
		Asset Database init time: 		3.213 seconds
		Global illumination init time: 	0.021 seconds
		Assemblies load time: 			37.352 seconds
		Unity extensions init time: 	0.122 seconds
		Asset Database refresh time: 	109.902 seconds
	Scene opening time: 			11.372 seconds
##utp:{"type":"ProjectInfo","version":2,"phase":"Immediate","time":1790288010930,"processId":15864,"projectLoad":175.1507718,"projectInit":163.1474215,"templateInit":0.0,"packageManagerInit":0.9081803,"assetDatabaseInit":3.21278,"globalIlluminationInit":0.0212406,"assembliesLoad":37.3517794,"unityExtensionsInit":0.1222805,"assetDatabaseRefresh":109.9018197,"sceneOpening":11.3717685}
##utp:{"type":"EditorInfo","version":2,"phase":"Immediate","time":1790288010931,"processId":15864,"editorVersion":"6000.6.0f1 (f7f8ed4d1e24)","branch":"6000.6/respin/6000.6.0f1-fa21a270ab12","buildType":"Release","platform":"Windows"}
GPU Resident Drawer created.
[Licensing::Client] Successfully resolved entitlement details
[Licensing::Module] License group:
  Id: F4-3VZ2-5WT4-GH8V-WM95-XXXX
  Product: Unity Personal
  Type: ULF
  Expiration: Unlimited
[Licensing::Module] License group:
  Id: 2476045025254-UnityPersXXXX
  Product: Unity Personal
  Type: Assigned
  Expiration: Unlimited
[Licensing::Client] Successfully resolved entitlement details
[Licensing::Module] License group:
  Id: F4-3VZ2-5WT4-GH8V-WM95-XXXX
  Product: Unity Personal
  Type: ULF
  Expiration: Unlimited
[Licensing::Module] License group:
  Id: 2476045025254-UnityPersXXXX
  Product: Unity Personal
  Type: Assigned
  Expiration: Unlimited
Created GICache directory at C:/Users/nadia/AppData/LocalLow/Unity/Caches/GiCache. Took: 0.185s, timestamps: [180.242 - 180.427]
[Licensing::Client] Successfully resolved entitlement details
[Licensing::Client] Successfully resolved entitlement details
[Licensing::Client] Successfully resolved entitlement details
[Licensing::Client] Successfully resolved entitlement details
[Licensing::Client] Successfully updated the access token
[Licensing::Module] Successfully updated access token: "Rs9xhaA_"... (expires: 2026-09-25T00:09:53Z)
[Licensing::Client] Successfully resolved entitlement details
Account API did not become accessible within 30 seconds. This may be due to network issues or editor focus.
UnityEngine.Debug:ExtractStackTraceNoAlloc (byte*,int,string)
UnityEngine.StackTraceUtility:ExtractStackTrace ()
UnityEngine.DebugLogHandler:Internal_Log (UnityEngine.LogType,UnityEngine.LogOption,string,UnityEngine.Object)
UnityEngine.DebugLogHandler:LogFormat (UnityEngine.LogType,UnityEngine.Object,string,object[])
UnityEngine.Logger:Log (UnityEngine.LogType,object)
UnityEngine.Debug:LogWarning (object)
Unity.AI.Toolkit.Accounts.Services.States.ApiAccessibleState/<WaitForCloudProjectSettings>d__4:MoveNext () (at ./Library/PackageCache/com.unity.ai.assistant@8d1e3e89e3a7/Modules/Unity.AI.Toolkit.Accounts/Services/States/ApiAccessibleState.cs:46)
System.Runtime.CompilerServices.AsyncMethodBuilderCore/MoveNextRunner:InvokeMoveNext (object)
System.Threading.ExecutionContext:RunInternal (System.Threading.ExecutionContext,System.Threading.ContextCallback,object,bool)
System.Threading.ExecutionContext:Run (System.Threading.ExecutionContext,System.Threading.ContextCallback,object,bool)
System.Runtime.CompilerServices.AsyncMethodBuilderCore/MoveNextRunner:Run ()
System.Threading.Tasks.AwaitTaskContinuation:InvokeAction (object)
System.Threading.Tasks.AwaitTaskContinuation:RunCallback (System.Threading.ContextCallback,object,System.Threading.Tasks.Task&)
System.Threading.Tasks.SynchronizationContextAwaitTaskContinuation:Run (System.Threading.Tasks.Task,bool)
System.Threading.Tasks.Task:FinishContinuations ()
System.Threading.Tasks.Task:FinishStageThree ()
System.Threading.Tasks.Task`1<bool>:TrySetResult (bool)
System.Threading.Tasks.TaskCompletionSource`1<bool>:TrySetResult (bool)
Unity.AI.Toolkit.EditorTask/<>c__DisplayClass22_0:<WaitForCondition>b__0 () (at ./Library/PackageCache/com.unity.ai.assistant@8d1e3e89e3a7/Modules/Unity.AI.Toolkit.Async/EditorTask.cs:420)
UnityEditor.EditorApplication:Internal_CallUpdateFunctions ()

(Filename: ./Library/PackageCache/com.unity.ai.assistant@8d1e3e89e3a7/Modules/Unity.AI.Toolkit.Accounts/Services/States/ApiAccessibleState.cs Line: 46)

[Licensing::Client] Error: Code 404 while processing request (status: Found 0 entitlement groups and 0 free entitlements matching requested entitlement ids)
[Licensing::Client] Error: Code 404 while processing request (status: Found 0 entitlement groups and 0 free entitlements matching requested entitlement ids)
[Licensing::Client] Error: Code 404 while processing request (status: Found 0 entitlement groups and 0 free entitlements matching requested entitlement ids)
[Licensing::Client] Error: Code 404 while processing request (status: Found 0 entitlement groups and 0 free entitlements matching requested entitlement ids)
[Licensing::Client] Error: Code 404 while processing request (status: Found 0 entitlement groups and 0 free entitlements matching requested entitlement ids)
[Licensing::Client] Error: Code 404 while processing request (status: Found 0 entitlement groups and 0 free entitlements matching requested entitlement ids)
[Licensing::Client] Error: Code 404 while processing request (status: Found 0 entitlement groups and 0 free entitlements matching requested entitlement ids)
[Licensing::Client] Error: Code 404 while processing request (status: Found 0 entitlement groups and 0 free entitlements matching requested entitlement ids)
[Licensing::Client] Error: Code 404 while processing request (status: Found 0 entitlement groups and 0 free entitlements matching requested entitlement ids)
[Licensing::Client] Error: Code 404 while processing request (status: Found 0 entitlement groups and 0 free entitlements matching requested entitlement ids)
[Licensing::Client] Error: Code 404 while processing request (status: Found 0 entitlement groups and 0 free entitlements matching requested entitlement ids)
[Licensing::Client] Error: Code 404 while processing request (status: Found 0 entitlement groups and 0 free entitlements matching requested entitlement ids)
[Licensing::Client] Error: Code 404 while processing request (status: Found 0 entitlement groups and 0 free entitlements matching requested entitlement ids)
[Licensing::Client] Error: Code 404 while processing request (status: Found 0 entitlement groups and 0 free entitlements matching requested entitlement ids)
[Licensing::Client] Error: Code 404 while processing request (status: Found 0 entitlement groups and 0 free entitlements matching requested entitlement ids)
[Licensing::Client] Error: Code 404 while processing request (status: Found 0 entitlement groups and 0 free entitlements matching requested entitlement ids)
[Licensing::Client] Error: Code 404 while processing request (status: Found 0 entitlement groups and 0 free entitlements matching requested entitlement ids)
[Licensing::Client] Error: Code 404 while processing request (status: Found 0 entitlement groups and 0 free entitlements matching requested entitlement ids)
[Licensing::Client] Error: Code 404 while processing request (status: Found 0 entitlement groups and 0 free entitlements matching requested entitlement ids)
[Licensing::Client] Error: Code 404 while processing request (status: Found 0 entitlement groups and 0 free entitlements matching requested entitlement ids)
Worker ready: AssetImportWorkerHW0 0
TrimDiskCacheJob: Current cache size 3mb

Asset Pipeline Refresh (id=acd666ccabc2e1a4ba24d1ce3d03fafe): Total: 0.351 seconds - Initiated by RefreshV2(AllowForceSynchronousImport)
	(Values over 0.05ms)
	Summary:
		Imports: total=0 (actual=0, local cache=0, cache server=0)
		Asset DB Process Time: managed=0 ms, native=348 ms
		Asset DB Callback time: managed=0 ms, native=1 ms
		Scripting: domain reloads=0, domain reload time=0 ms, compile time=0 ms, other=0 ms
		Project Asset Count: scripts=2188, non-scripts=5508
		Asset File Changes: new=0, changed=0, moved=0, deleted=0
		Scan Filter Count: 0
	InvokePackagesCallback: 6.140ms
	ApplyChangesToAssetFolders: 0.749ms
	Collect global state as custom dependencies: 4.430ms
	ProcessAssetsWithTransientArtifactChanges: 0.674ms
	CategorizeAssets: 161.926ms
	CompileScripts: 0.109ms
	ImportOutOfDateAssets: 5.755ms (0.940ms without children)
		ReloadNativeAssets: 0.110ms
		UnloadImportedAssets: 0.571ms
		EnsureUptoDateAssetsAreRegisteredWithGuidPM: 2.598ms
		ImportSchedulerStart: 1.530ms
	GatherAllCurrentPrimaryImportResultRevisions: 2.283ms
	UnloadStreamsBegin: 8.013ms
	PersistCurrentRevisions: 0.913ms
	Untracked: 99.646ms

Start Indexing on Editor startup
[Indexing] Starting Initial Indexing for Assets
[INFO ] [relay] relay.startup port=9001 mcpClientPort=9002 editorPid=15864
[INFO ] [relay] log === RELAY SERVER STARTED === (unity-ai-relay v1.0.12-build.99)
[INFO ] [relay] log TLS trust: NODE_USE_SYSTEM_CA=on systemCAs=128 bundledCAs=145
[INFO ] [relay] log Starting relay server...
[INFO ] [relay] log Command line arguments: ["bun","B:/~BUN/root/relay_win.exe","--relay","--port","9001","--mcp-client-port","9002","--editor-pid","15864","--shutdown-delay","180","--log-dir","C:\\Users\\nadia\\Documents\\GitHub\\KioskProject\\KioskProject\\Logs"]
[INFO ] [relay] log Parsed config: {"port":9001,"mcpClientPort":9002,"editorPid":"15864","shutdownDelaySeconds":180}
[INFO ] [relay] log Initializing relay components...
[INFO ] [relay] log Creating RelayEditor...
[INFO ] [relay] log WebSocket server started
[INFO ] [relay] log Relay server initialization completed
[INFO ] [relay] log MCP Client initialized at port: 9002
[WARN ] [relay] log [shell-env] Shell environment did not contain a PATH variable
[INFO ] [relay] log Unity MCP Relay server started | Port: 9002 | Endpoints: /mcp/start-server, /mcp/stop-server, /mcp/server-status, /mcp/call-tool
[INFO ] [relay] log Unity client connected with ID: editor-15864-kwesys (relay 1.0.12-build.99)
[INFO ] [relay] connection.established clientId=editor-15864-kwesys port=9001
[Licensing::Client] Error: Code 404 while processing request (status: Found 0 entitlement groups and 0 free entitlements matching requested entitlement ids)
Asset Pipeline Refresh (id=3dc3ab5054de3f44aa92ee621818fcd0): Total: 0.031 seconds - Initiated by RefreshV2(AllowForceSynchronousImport)
Session Token Received.
[Licensing::Client] Error: Code 404 while processing request (status: Found 0 entitlement groups and 0 free entitlements matching requested entitlement ids)
Scanning for USB devices : 4.280ms
Scanning for USB devices : 4.504ms
Scanning for USB devices : 4.109ms
Scanning for USB devices : 2.356ms
Scanning for USB devices : 2.454ms
Scanning for USB devices : 2.278ms
Scanning for USB devices : 3.030ms
Scanning for USB devices : 2.128ms
Scanning for USB devices : 2.141ms
Scanning for USB devices : 2.705ms
Scanning for USB devices : 3.635ms
Scanning for USB devices : 2.350ms
Scanning for USB devices : 2.967ms
Scanning for USB devices : 2.407ms
Scanning for USB devices : 1.639ms
Scanning for USB devices : 1.726ms
Scanning for USB devices : 3.223ms
[Licensing::Client] Successfully updated the access token
[Licensing::Module] Successfully updated the access token Rs9xhaA_S5...
[Licensing::Client] Successfully resolved entitlement details
[Licensing::Module] License group:
  Id: F4-3VZ2-5WT4-GH8V-WM95-XXXX
  Product: Unity Personal
  Type: ULF
  Expiration: Unlimited
[Licensing::Module] License group:
  Id: 2476045025254-UnityPersXXXX
  Product: Unity Personal
  Type: Assigned
  Expiration: Unlimited
[Licensing::Client] Successfully updated license, isAsync: True, time: 0.01
[Licensing::Client] Successfully resolved entitlement details
[Licensing::Module] License group:
  Id: F4-3VZ2-5WT4-GH8V-WM95-XXXX
  Product: Unity Personal
  Type: ULF
  Expiration: Unlimited
[Licensing::Module] License group:
  Id: 2476045025254-UnityPersXXXX
  Product: Unity Personal
  Type: Assigned
  Expiration: Unlimited
Asset Pipeline Refresh (id=716493268fd0cd04a9e057e3ae045caf): Total: 0.020 seconds - Initiated by RefreshV2(AllowForceSynchronousImport)
[Licensing::Client] Successfully resolved entitlement details
[Licensing::Client] Successfully resolved entitlement details
[Licensing::Client] Successfully resolved entitlement details
[Licensing::Client] Successfully resolved entitlement details
[Licensing::Client] Successfully resolved entitlement details
[Licensing::Client] Successfully resolved entitlement details
[Licensing::Client] Successfully resolved entitlement details
[Licensing::Client] Successfully resolved entitlement details
[Licensing::Client] Successfully resolved entitlement details
[Licensing::Client] Successfully resolved entitlement details
[Licensing::Client] Successfully resolved entitlement details
[Licensing::Client] Successfully resolved entitlement details
Importing 'GUID: 00000000000000009000000000000000 - Path: ProjectSettings/QualitySettings.asset' with importer (LibraryAssetImporter)
Imported 'GUID: 00000000000000009000000000000000' -> (Import Result ID: '8151b601d05d3e12de314c2aa1f82962') in 0.016 seconds [static dependencies only]. Details - ImportResultOutputID=2a108b3da874f726c62fbe5f12be4a8a DependenciesID=6180c49ef29638684367d2893c04e070 StaticDependenciesID=5b19720d9149525484b40148944c8e26 
Importing 'GUID: 0000000000000000b000000000000000 - Path: ProjectSettings/EditorBuildSettings.asset' with importer (LibraryAssetImporter)
Imported 'GUID: 0000000000000000b000000000000000' -> (Import Result ID: '9471a9356de28d23b842388da0b81486') in 0.010 seconds [static dependencies only]. Details - ImportResultOutputID=0a89a5c5f492143e0fa186859e17ba6f DependenciesID=13968a1ea0aba76434bce8c4646787a2 StaticDependenciesID=477ee51f181756e4219eb0118822df3f 
Importing 'GUID: 8a89fa14b10d46a99122fd4f73fca9a2 - Path: Assets/TextMesh Pro/Examples & Extras/Resources/Fonts & Materials/Anton SDF.asset' with importer (NativeFormatImporter)
Imported 'GUID: 8a89fa14b10d46a99122fd4f73fca9a2' -> (Import Result ID: '1b1ab1c6908715e67649fbe438b8572b') in 0.010 seconds [static dependencies only]. Details - ImportResultOutputID=cbc3bbf2d843e56be7c9e6f21f25942f DependenciesID=32f5664b6335f86a0fb5ca47162d38e0 StaticDependenciesID=cc0360422fcbe79e086cfe17803a8912 
Refreshing native plugins compatible for Editor in 8.79 ms, found 5 plugins.

Asset Pipeline Refresh (id=819f9ecae42e28945b5b5f8350920053): Total: 0.687 seconds - Initiated by StopAssetImportingV2(NoUpdateAssetOptions)
	(Values over 0.05ms)
	Summary:
		Imports: total=3 (actual=3, local cache=0, cache server=0)
		Asset DB Process Time: managed=4 ms, native=169 ms
		Asset DB Callback time: managed=464 ms, native=48 ms
		Scripting: domain reloads=0, domain reload time=0 ms, compile time=0 ms, other=0 ms
		Project Asset Count: scripts=2188, non-scripts=5508
		Asset File Changes: new=0, changed=1, moved=0, deleted=0
		Scan Filter Count: 8
	ApplyChangesToAssetFolders: 0.248ms
	Scan: 28.195ms
	Collect global state as custom dependencies: 0.806ms
	OnSourceAssetsModified: 3.488ms
	ProcessAssetsWithTransientArtifactChanges: 0.319ms
	CategorizeAssets: 59.506ms
	ImportOutOfDateAssets: 65.626ms (0.690ms without children)
		ImportManagerImport: 61.460ms (12.626ms without children)
			UpdateCategorizedAssets: 0.154ms
		ReloadNativeAssets: 0.103ms
		UnloadImportedAssets: 0.304ms
		EnsureUptoDateAssetsAreRegisteredWithGuidPM: 2.086ms
		ImportSchedulerStart: 0.944ms
	PostProcessAllAssets: 496.129ms
		XRBuildSystem.XRAssetImported 30.205ms
		VCAutoAddAssetPostprocess 0.304ms
		MonoPostProcessAllAssets: 462.493ms
			AssetReferenceReimportMonitor.OnPostprocessAllAssets 62.284ms
			BuilderAssetPostprocessor.OnPostprocessAllAssets 12.441ms
			SpriteSlicePostprocessor.OnPostprocessAllAssets 8.205ms
			AssetPostprocessor.OnPostprocessAllAssets 4.427ms
			ShaderGraphAssetPostProcessor.OnPostprocessAllAssets 3.400ms
			RetainedModeAssetPostprocessor.OnPostprocessAllAssets 2.224ms
			TMPro_TexturePostProcessor.OnPostprocessAllAssets 2.032ms
			ConfigAssetsTracker.OnPostprocessAllAssets 1.785ms
			MaterialPostprocessor.OnPostprocessAllAssets 1.456ms
			SpriteEditorTexturePostprocessor.OnPostprocessAllAssets 1.253ms
			SyncVS.PostprocessSyncProject 1.248ms
			SkillsProjectAssetPostprocessor.OnPostprocessAllAssets 1.129ms
			ArtifactBrowserPostProcessor.OnPostprocessAllAssets 1.096ms
			ModelAssetProcessor.OnPostprocessAllAssets 0.864ms
			TextAssetPostProcessor.OnPostprocessAllAssets 0.821ms
			UVCSAssetPostprocessor.OnPostprocessAllAssets 0.765ms
			InputActionJsonNameModifierAssetProcessor.OnPostprocessAllAssets 0.709ms
			AudioMixerPostprocessor.OnPostprocessAllAssets 0.706ms
			AssetChangedListener.OnPostprocessAllAssets 0.669ms
			PostProcessor.OnPostprocessAllAssets 0.652ms
			StyleCatalogPostProcessor.OnPostprocessAllAssets 0.482ms
			RenderPipelineGlobalSettingsPostprocessor.OnPostprocessAllAssets 0.420ms
			AssetEvents.OnPostprocessAllAssets 0.394ms
			ThemePostprocessor.OnPostprocessAllAssets 0.330ms
			SpeedTreePostProcessor.OnPostprocessAllAssets 0.326ms
			ScenarioDriftAssetsTracker.OnPostprocessAllAssets 0.312ms
			SamplePostprocessor.OnPostprocessAllAssets 0.307ms
			GraphRefreshPostprocessor.OnPostprocessAllAssets 0.278ms
			InputActionAssetPostprocessor.OnPostprocessAllAssets 0.237ms
			AssetReloadNotifier.OnPostprocessAllAssets 0.221ms
			AudioContainerPostProcessor.OnPostprocessAllAssets 0.214ms
			TrackSelectedAssetsProcessor.OnPostprocessAllAssets 0.157ms
	PostAssetChangesProfiler: 13.209ms
	GatherAllCurrentPrimaryImportResultRevisions: 0.727ms
	UnloadStreamsBegin: 4.643ms
	PersistCurrentRevisions: 0.817ms
	UnloadStreamsEnd: 0.124ms
	Untracked: 12.960ms

Starting new worker id: 1 with log in C:/Users/nadia/Documents/GitHub/KioskProject/KioskProject/Logs/AssetImportWorkerHW1.log
[Worker0] Imported GUID: 8a89fa14b10d46a99122fd4f73fca9a2 - Path: Assets/TextMesh Pro/Examples & Extras/Resources/Fonts & Materials/Anton SDF.asset - Importer: ScriptedImporter/UnityEditor.QuickSearchModule:UnityEditor.Search:ASIAI0B -> (ImportResultId: 'fa188aeb3750d97cae90f60cca4f09b7') in 0.4423955 seconds
[ScriptCompilation] Requested script compilation because: AssetDatabase observed changes in script compilation related files
Starting: C:\Program Files\Unity\Hub\Editor\6000.6.0f1\Editor\Data\Tools\BuildPipeline\bee_backend.exe --ipc --defer-dag-verification --dagfile="Library/Bee/1900b0aE.dag" --continue-on-failure --profile="Library/Bee/backend1.traceevents" ScriptAssemblies
WorkingDir: C:/Users/nadia/Documents/GitHub/KioskProject/KioskProject
ExitCode: 4 Duration: 1s160ms
Rebuilding DAG because FileSignature timestamp changed: Library/Bee/1900b0aE-inputdata.json
[1206/1607  0s] ILPP-Configuration Library/ilpp-configuration.nevergeneratedoutput
*** Tundra requires additional run (0.92 seconds), 1 items updated, 1204 evaluated
Starting: C:\Program Files\Unity\Hub\Editor\6000.6.0f1\Editor\Data\DotNetSdk\dotnet.exe "C:\Program Files\Unity\Hub\Editor\6000.6.0f1\Editor\Data\Tools\BuildPipeline\ScriptCompilationBuildProgram.exe" "Library/Bee/1900b0aE.dag.json" "Library/Bee/1900b0aE-inputdata.json" "Library\Bee\buildprogram0.traceevents"
WorkingDir: C:/Users/nadia/Documents/GitHub/KioskProject/KioskProject
Worker ready: AssetImportWorkerHW1 1
ExitCode: 0 Duration: 10s
Starting: C:\Program Files\Unity\Hub\Editor\6000.6.0f1\Editor\Data\Tools\BuildPipeline\bee_backend.exe --ipc --defer-dag-verification --dagfile="Library/Bee/1900b0aE.dag" --continue-on-failure --dagfilejson="Library\Bee\1900b0aE.dag.json" --profile="Library/Bee/backend2.traceevents" ScriptAssemblies
WorkingDir: C:/Users/nadia/Documents/GitHub/KioskProject/KioskProject
ExitCode: 3 Duration: 2s526ms
Finished compiling graph: 1611 nodes, 35194 flattened edges (29060 ToBuild, 264 ToUse), maximum node priority 1812
[ 806/1607  0s] WriteText Library/Bee/artifacts/1900b0aE.dag/Assembly-CSharp.rsp
[ 828/1607  0s] WriteText Library/Bee/artifacts/1900b0aE.dag/Assembly-CSharp-Editor.rsp
[1217/1607  0s] ILPP-Configuration Library/ilpp-configuration.nevergeneratedoutput
[1599/1607  0s] Csc Library/Bee/artifacts/1900b0aE.dag/Assembly-CSharp.dll (+2 others)
##### CommandLine
"C:\Program Files\Unity\Hub\Editor\6000.6.0f1\Editor\Data\DotNetSdk\dotnet.exe" exec "C:/Program Files/Unity/Hub/Editor/6000.6.0f1/Editor/Data/DotNetSdk/sdk/8.0.318/Roslyn/bincore/csc.dll" /nostdlib /noconfig /shared "@Library/Bee/artifacts/1900b0aE.dag/Assembly-CSharp.rsp" "@Library/Bee/artifacts/1900b0aE.dag/Assembly-CSharp.rsp2"
##### Contents of Library\Bee\artifacts\1900b0aE.dag\Assembly-CSharp.rsp
-target:library
-out:"Library/Bee/artifacts/1900b0aE.dag/Assembly-CSharp.dll"
-refout:"Library/Bee/artifacts/1900b0aE.dag/Assembly-CSharp.ref.dll"
-define:UNITY_6000_6_0
-define:UNITY_6000_6
-define:UNITY_6000
-define:UNITY_5_3_OR_NEWER
-define:UNITY_5_4_OR_NEWER
-define:UNITY_5_5_OR_NEWER
-define:UNITY_5_6_OR_NEWER
-define:UNITY_2017_1_OR_NEWER
-define:UNITY_2017_2_OR_NEWER
-define:UNITY_2017_3_OR_NEWER
-define:UNITY_2017_4_OR_NEWER
-define:UNITY_2018_1_OR_NEWER
-define:UNITY_2018_2_OR_NEWER
-define:UNITY_2018_3_OR_NEWER
-define:UNITY_2018_4_OR_NEWER
-define:UNITY_2019_1_OR_NEWER
-define:UNITY_2019_2_OR_NEWER
-define:UNITY_2019_3_OR_NEWER
-define:UNITY_2019_4_OR_NEWER
-define:UNITY_2020_1_OR_NEWER
-define:UNITY_2020_2_OR_NEWER
-define:UNITY_2020_3_OR_NEWER
-define:UNITY_2021_1_OR_NEWER
-define:UNITY_2021_2_OR_NEWER
-define:UNITY_2021_3_OR_NEWER
-define:UNITY_2022_1_OR_NEWER
-define:UNITY_2022_2_OR_NEWER
-define:UNITY_2022_3_OR_NEWER
-define:UNITY_2023_1_OR_NEWER
-define:UNITY_2023_2_OR_NEWER
-define:UNITY_2023_3_OR_NEWER
-define:UNITY_6000_0_OR_NEWER
-define:UNITY_6000_1_OR_NEWER
-define:UNITY_6000_2_OR_NEWER
-define:UNITY_6000_3_OR_NEWER
-define:UNITY_6000_4_OR_NEWER
-define:UNITY_6000_5_OR_NEWER
-define:UNITY_6000_6_OR_NEWER
-define:PLATFORM_ARCH_64
-define:UNITY_64
-define:UNITY_INCLUDE_TESTS
-define:ENABLE_AR
-define:ENABLE_AUDIO
-define:ENABLE_AUDIO_SCRIPTABLE_PIPELINE
-define:ENABLE_BURST
-define:ENABLE_CACHING
-define:ENABLE_CLOTH
-define:ENABLE_EVENT_QUEUE
-define:ENABLE_MICROPHONE
-define:ENABLE_MULTIPLE_DISPLAYS
-define:ENABLE_PHYSICS
-define:ENABLE_TEXTURE_STREAMING
-define:ENABLE_VIRTUALTEXTURING
-define:ENABLE_LZMA
-define:ENABLE_UNITYEVENTS
-define:ENABLE_VR
-define:ENABLE_WEBCAM
-define:ENABLE_UNITYWEBREQUEST
-define:ENABLE_WWW
-define:ENABLE_CLOUD_SERVICES
-define:ENABLE_CLOUD_SERVICES_ADS
-define:ENABLE_CLOUD_SERVICES_USE_WEBREQUEST
-define:ENABLE_UNITY_CONSENT
-define:ENABLE_UNITY_CLOUD_IDENTIFIERS
-define:ENABLE_CLOUD_SERVICES_CRASH_REPORTING
-define:ENABLE_CLOUD_SERVICES_NATIVE_CRASH_REPORTING
-define:ENABLE_CLOUD_SERVICES_PURCHASING
-define:ENABLE_CLOUD_SERVICES_ANALYTICS
-define:ENABLE_CLOUD_SERVICES_BUILD
-define:ENABLE_EDITOR_GAME_SERVICES
-define:ENABLE_UNITY_GAME_SERVICES_ANALYTICS_SUPPORT
-define:ENABLE_CLOUD_LICENSE
-define:ENABLE_EDITOR_HUB_LICENSE
-define:ENABLE_WEBSOCKET_CLIENT
-define:ENABLE_GENERATE_NATIVE_PLUGINS_FOR_ASSEMBLIES_API
-define:ENABLE_DIRECTOR_AUDIO
-define:ENABLE_DIRECTOR_TEXTURE
-define:ENABLE_MANAGED_JOBS
-define:ENABLE_MANAGED_TRANSFORM_JOBS
-define:ENABLE_MANAGED_ANIMATION_JOBS
-define:ENABLE_MANAGED_AUDIO_JOBS
-define:ENABLE_MANAGED_UNITYTLS
-define:INCLUDE_DYNAMIC_GI
-define:ENABLE_SCRIPTING_GC_WBARRIERS
-define:PLATFORM_SUPPORTS_MONO
-define:RENDER_SOFTWARE_CURSOR
-define:ENABLE_MARSHALLING_TESTS
-define:ENABLE_VIDEO
-define:ENABLE_NAVIGATION_OFFMESHLINK_TO_NAVMESHLINK
-define:ENABLE_ACCELERATOR_CLIENT_DEBUGGING
-define:ENABLE_ACCESSIBILITY_SCREEN_READER
-define:TEXTCORE_1_0_OR_NEWER
-define:EDITOR_ONLY_NAVMESH_BUILDER_DEPRECATED
-define:INCLUDE_UNIFIED_RAYTRACING_COMPUTE_BACKEND
-define:INCLUDE_UNIFIED_RAYTRACING_HARDWARE_BACKEND
-define:PLATFORM_STANDALONE_WIN
-define:PLATFORM_STANDALONE
-define:UNITY_STANDALONE_WIN
-define:UNITY_STANDALONE
-define:ENABLE_RUNTIME_GI
-define:ENABLE_MOVIES
-define:ENABLE_NETWORK
-define:ENABLE_NVIDIA
-define:ENABLE_AMD
-define:ENABLE_CRUNCH_TEXTURE_COMPRESSION
-define:ENABLE_CLOUD_SERVICES_ENGINE_DIAGNOSTICS
-define:ENABLE_OUT_OF_PROCESS_CRASH_HANDLER
-define:ENABLE_CLUSTER_SYNC
-define:ENABLE_CLUSTERINPUT
-define:PLATFORM_UPDATES_TIME_OUTSIDE_OF_PLAYER_LOOP
-define:GFXDEVICE_WAITFOREVENT_MESSAGEPUMP
-define:PLATFORM_USES_EXPLICIT_MEMORY_MANAGER_INITIALIZER
-define:PLATFORM_SUPPORTS_WAIT_FOR_PRESENTATION
-define:PLATFORM_SUPPORTS_SPLIT_GRAPHICS_JOBS
-define:UNITY_SUPPORTS_GRAPHICS_API_VALIDATION
-define:PLATFORM_USES_VULKAN_OLD_SWAPCHAIN
-define:USE_READ_ASYNC_MANAGED_API
-define:ENABLE_MONO
-define:NET_STANDARD_2_0
-define:NET_STANDARD
-define:NET_STANDARD_2_1
-define:NETSTANDARD
-define:NETSTANDARD2_1
-define:ENABLE_PROFILER
-define:UNITY_INCLUDE_INSTRUMENTATION
-define:DEBUG
-define:TRACE
-define:UNITY_ASSERTIONS
-define:UNITY_ENABLE_CHECKS
-define:UNITY_EDITOR
-define:UNITY_EDITOR_64
-define:UNITY_EDITOR_WIN
-define:ENABLE_UNITY_COLLECTIONS_CHECKS
-define:ENABLE_BURST_AOT
-define:UNITY_TEAM_LICENSE
-define:ENABLE_CUSTOM_RENDER_TEXTURE
-define:ENABLE_DIRECTOR
-define:ENABLE_LOCALIZATION
-define:ENABLE_SPRITES
-define:ENABLE_TERRAIN
-define:ENABLE_TILEMAP
-define:ENABLE_TIMELINE
-define:ENABLE_INPUT_SYSTEM
-define:TEXTCORE_FONT_ENGINE_1_5_OR_NEWER
-define:TEXTCORE_TEXT_ENGINE_1_5_OR_NEWER
-define:TEXTCORE_FONT_ENGINE_1_6_OR_NEWER
-define:SENTIS_ANALYTICS_ENABLED
-define:APP_UI_EDITOR_ONLY
-define:CSHARP_7_OR_LATER
-define:CSHARP_7_3_OR_NEWER
-r:"C:/Program Files/Unity/Hub/Editor/6000.6.0f1/Editor/Data/BCLExtensions/TargetingPacks/netstandard2.1/ref/Microsoft.Bcl.AsyncInterfaces.dll"
-r:"C:/Program Files/Unity/Hub/Editor/6000.6.0f1/Editor/Data/BCLExtensions/TargetingPacks/netstandard2.1/ref/Microsoft.Extensions.DependencyInjection.Abstractions.dll"
-r:"C:/Program Files/Unity/Hub/Editor/6000.6.0f1/Editor/Data/BCLExtensions/TargetingPacks/netstandard2.1/ref/Microsoft.Extensions.Logging.Abstractions.dll"
-r:"C:/Program Files/Unity/Hub/Editor/6000.6.0f1/Editor/Data/BCLExtensions/TargetingPacks/netstandard2.1/ref/System.Collections.Immutable.dll"
-r:"C:/Program Files/Unity/Hub/Editor/6000.6.0f1/Editor/Data/BCLExtensions/TargetingPacks/netstandard2.1/ref/System.Diagnostics.DiagnosticSource.dll"
-r:"C:/Program Files/Unity/Hub/Editor/6000.6.0f1/Editor/Data/BCLExtensions/TargetingPacks/netstandard2.1/ref/System.IO.Hashing.dll"
-r:"C:/Program Files/Unity/Hub/Editor/6000.6.0f1/Editor/Data/BCLExtensions/TargetingPacks/netstandard2.1/ref/System.Reflection.Metadata.dll"
-r:"C:/Program Files/Unity/Hub/Editor/6000.6.0f1/Editor/Data/BCLExtensions/TargetingPacks/netstandard2.1/ref/System.Runtime.CompilerServices.Unsafe.dll"
-r:"C:/Program Files/Unity/Hub/Editor/6000.6.0f1/Editor/Data/BCLExtensions/TargetingPacks/netstandard2.1/ref/System.Text.Encodings.Web.dll"
-r:"C:/Program Files/Unity/Hub/Editor/6000.6.0f1/Editor/Data/BCLExtensions/TargetingPacks/netstandard2.1/ref/System.Text.Json.dll"
-r:"C:/Program Files/Unity/Hub/Editor/6000.6.0f1/Editor/Data/Managed/UnityEngine/Unity.Scripting.dll"
-r:"C:/Program Files/Unity/Hub/Editor/6000.6.0f1/Editor/Data/Managed/UnityEngine/UnityEditor.AIModule.dll"
-r:"C:/Program Files/Unity/Hub/Editor/6000.6.0f1/Editor/Data/Managed/UnityEngine/UnityEditor.AccessibilityModule.dll"
-r:"C:/Program Files/Unity/Hub/Editor/6000.6.0f1/Editor/Data/Managed/UnityEngine/UnityEditor.AdaptivePerformanceModule.dll"
-r:"C:/Program Files/Unity/Hub/Editor/6000.6.0f1/Editor/Data/Managed/UnityEngine/UnityEditor.AnimationWindowModule.dll"
-r:"C:/Program Files/Unity/Hub/Editor/6000.6.0f1/Editor/Data/Managed/UnityEngine/UnityEditor.AssetComplianceModule.dll"
-r:"C:/Program Files/Unity/Hub/Editor/6000.6.0f1/Editor/Data/Managed/UnityEngine/UnityEditor.BuildAnalysisModule.dll"
-r:"C:/Program Files/Unity/Hub/Editor/6000.6.0f1/Editor/Data/Managed/UnityEngine/UnityEditor.BuildProfileModule.dll"
-r:"C:/Program Files/Unity/Hub/Editor/6000.6.0f1/Editor/Data/Managed/UnityEngine/UnityEditor.BurstModule.dll"
-r:"C:/Program Files/Unity/Hub/Editor/6000.6.0f1/Editor/Data/Managed/UnityEngine/UnityEditor.ClothModule.dll"
-r:"C:/Program Files/Unity/Hub/Editor/6000.6.0f1/Editor/Data/Managed/UnityEngine/UnityEditor.ContentLoadModule.dll"
-r:"C:/Program Files/Unity/Hub/Editor/6000.6.0f1/Editor/Data/Managed/UnityEngine/UnityEditor.CoreBusinessMetricsModule.dll"
-r:"C:/Program Files/Unity/Hub/Editor/6000.6.0f1/Editor/Data/Managed/UnityEngine/UnityEditor.CoreModule.dll"
-r:"C:/Program Files/Unity/Hub/Editor/6000.6.0f1/Editor/Data/Managed/UnityEngine/UnityEditor.DeviceSimulatorModule.dll"
-r:"C:/Program Files/Unity/Hub/Editor/6000.6.0f1/Editor/Data/Managed/UnityEngine/UnityEditor.DiagnosticsModule.dll"
-r:"C:/Program Files/Unity/Hub/Editor/6000.6.0f1/Editor/Data/Managed/UnityEngine/UnityEditor.EditorToolbarModule.dll"
-r:"C:/Program Files/Unity/Hub/Editor/6000.6.0f1/Editor/Data/Managed/UnityEngine/UnityEditor.EmbreeModule.dll"
-r:"C:/Program Files/Unity/Hub/Editor/6000.6.0f1/Editor/Data/Managed/UnityEngine/UnityEditor.GIModule.dll"
-r:"C:/Program Files/Unity/Hub/Editor/6000.6.0f1/Editor/Data/Managed/UnityEngine/UnityEditor.GenericRemoteModule.dll"
-r:"C:/Program Files/Unity/Hub/Editor/6000.6.0f1/Editor/Data/Managed/UnityEngine/UnityEditor.GraphToolkitModule.dll"
-r:"C:/Program Files/Unity/Hub/Editor/6000.6.0f1/Editor/Data/Managed/UnityEngine/UnityEditor.GraphViewModule.dll"
-r:"C:/Program Files/Unity/Hub/Editor/6000.6.0f1/Editor/Data/Managed/UnityEngine/UnityEditor.GraphicsStateCollectionSerializerModule.dll"
-r:"C:/Program Files/Unity/Hub/Editor/6000.6.0f1/Editor/Data/Managed/UnityEngine/UnityEditor.GridAndSnapModule.dll"
-r:"C:/Program Files/Unity/Hub/Editor/6000.6.0f1/Editor/Data/Managed/UnityEngine/UnityEditor.GridModule.dll"
-r:"C:/Program Files/Unity/Hub/Editor/6000.6.0f1/Editor/Data/Managed/UnityEngine/UnityEditor.HierarchyModule.dll"
-r:"C:/Program Files/Unity/Hub/Editor/6000.6.0f1/Editor/Data/Managed/UnityEngine/UnityEditor.LightingModule.dll"
-r:"C:/Program Files/Unity/Hub/Editor/6000.6.0f1/Editor/Data/Managed/UnityEngine/UnityEditor.MathematicsModule.dll"
-r:"C:/Program Files/Unity/Hub/Editor/6000.6.0f1/Editor/Data/Managed/UnityEngine/UnityEditor.MediaModule.dll"
-r:"C:/Program Files/Unity/Hub/Editor/6000.6.0f1/Editor/Data/Managed/UnityEngine/UnityEditor.MultiplayerModule.dll"
-r:"C:/Program Files/Unity/Hub/Editor/6000.6.0f1/Editor/Data/Managed/UnityEngine/UnityEditor.Physics2DModule.dll"
-r:"C:/Program Files/Unity/Hub/Editor/6000.6.0f1/Editor/Data/Managed/UnityEngine/UnityEditor.PhysicsCore2DModule.dll"
-r:"C:/Program Files/Unity/Hub/Editor/6000.6.0f1/Editor/Data/Managed/UnityEngine/UnityEditor.PhysicsModule.dll"
-r:"C:/Program Files/Unity/Hub/Editor/6000.6.0f1/Editor/Data/Managed/UnityEngine/UnityEditor.PlayModeModule.dll"
-r:"C:/Program Files/Unity/Hub/Editor/6000.6.0f1/Editor/Data/Managed/UnityEngine/UnityEditor.PresetsUIModule.dll"
-r:"C:/Program Files/Unity/Hub/Editor/6000.6.0f1/Editor/Data/Managed/UnityEngine/UnityEditor.ProjectAuditorModule.dll"
-r:"C:/Program Files/Unity/Hub/Editor/6000.6.0f1/Editor/Data/Managed/UnityEngine/UnityEditor.PropertiesModule.dll"
-r:"C:/Program Files/Unity/Hub/Editor/6000.6.0f1/Editor/Data/Managed/UnityEngine/UnityEditor.QuickInstallModule.dll"
-r:"C:/Program Files/Unity/Hub/Editor/6000.6.0f1/Editor/Data/Managed/UnityEngine/UnityEditor.QuickSearchModule.dll"
-r:"C:/Program Files/Unity/Hub/Editor/6000.6.0f1/Editor/Data/Managed/UnityEngine/UnityEditor.SafeModeModule.dll"
-r:"C:/Program Files/Unity/Hub/Editor/6000.6.0f1/Editor/Data/Managed/UnityEngine/UnityEditor.SceneTemplateModule.dll"
-r:"C:/Program Files/Unity/Hub/Editor/6000.6.0f1/Editor/Data/Managed/UnityEngine/UnityEditor.SceneViewModule.dll"
-r:"C:/Program Files/Unity/Hub/Editor/6000.6.0f1/Editor/Data/Managed/UnityEngine/UnityEditor.ShaderBuildSettingsModule.dll"
-r:"C:/Program Files/Unity/Hub/Editor/6000.6.0f1/Editor/Data/Managed/UnityEngine/UnityEditor.ShaderCompilationModule.dll"
-r:"C:/Program Files/Unity/Hub/Editor/6000.6.0f1/Editor/Data/Managed/UnityEngine/UnityEditor.ShaderFoundryModule.dll"
-r:"C:/Program Files/Unity/Hub/Editor/6000.6.0f1/Editor/Data/Managed/UnityEngine/UnityEditor.ShaderPreprocessorModule.dll"
-r:"C:/Program Files/Unity/Hub/Editor/6000.6.0f1/Editor/Data/Managed/UnityEngine/UnityEditor.SketchUpModule.dll"
-r:"C:/Program Files/Unity/Hub/Editor/6000.6.0f1/Editor/Data/Managed/UnityEngine/UnityEditor.SpriteMaskModule.dll"
-r:"C:/Program Files/Unity/Hub/Editor/6000.6.0f1/Editor/Data/Managed/UnityEngine/UnityEditor.SpriteShapeModule.dll"
-r:"C:/Program Files/Unity/Hub/Editor/6000.6.0f1/Editor/Data/Managed/UnityEngine/UnityEditor.SubstanceModule.dll"
-r:"C:/Program Files/Unity/Hub/Editor/6000.6.0f1/Editor/Data/Managed/UnityEngine/UnityEditor.SyntaxTreeModule.dll"
-r:"C:/Program Files/Unity/Hub/Editor/6000.6.0f1/Editor/Data/Managed/UnityEngine/UnityEditor.TerrainModule.dll"
-r:"C:/Program Files/Unity/Hub/Editor/6000.6.0f1/Editor/Data/Managed/UnityEngine/UnityEditor.TextCoreFontEngineModule.dll"
-r:"C:/Program Files/Unity/Hub/Editor/6000.6.0f1/Editor/Data/Managed/UnityEngine/UnityEditor.TextCoreTextEngineModule.dll"
-r:"C:/Program Files/Unity/Hub/Editor/6000.6.0f1/Editor/Data/Managed/UnityEngine/UnityEditor.TextRenderingModule.dll"
-r:"C:/Program Files/Unity/Hub/Editor/6000.6.0f1/Editor/Data/Managed/UnityEngine/UnityEditor.TilemapModule.dll"
-r:"C:/Program Files/Unity/Hub/Editor/6000.6.0f1/Editor/Data/Managed/UnityEngine/UnityEditor.TimelineFoundationModule.dll"
-r:"C:/Program Files/Unity/Hub/Editor/6000.6.0f1/Editor/Data/Managed/UnityEngine/UnityEditor.TreeModule.dll"
-r:"C:/Program Files/Unity/Hub/Editor/6000.6.0f1/Editor/Data/Managed/UnityEngine/UnityEditor.U2DModule.dll"
-r:"C:/Program Files/Unity/Hub/Editor/6000.6.0f1/Editor/Data/Managed/UnityEngine/UnityEditor.UIAutomationModule.dll"
-r:"C:/Program Files/Unity/Hub/Editor/6000.6.0f1/Editor/Data/Managed/UnityEngine/UnityEditor.UIBuilderModule.dll"
-r:"C:/Program Files/Unity/Hub/Editor/6000.6.0f1/Editor/Data/Managed/UnityEngine/UnityEditor.UIElementsModule.dll"
-r:"C:/Program Files/Unity/Hub/Editor/6000.6.0f1/Editor/Data/Managed/UnityEngine/UnityEditor.UIElementsSamplesModule.dll"
-r:"C:/Program Files/Unity/Hub/Editor/6000.6.0f1/Editor/Data/Managed/UnityEngine/UnityEditor.UIToolkitAuthoringModule.dll"
-r:"C:/Program Files/Unity/Hub/Editor/6000.6.0f1/Editor/Data/Managed/UnityEngine/UnityEditor.UmbraModule.dll"
-r:"C:/Program Files/Unity/Hub/Editor/6000.6.0f1/Editor/Data/Managed/UnityEngine/UnityEditor.UnityConnectModule.dll"
-r:"C:/Program Files/Unity/Hub/Editor/6000.6.0f1/Editor/Data/Managed/UnityEngine/UnityEditor.VFXModule.dll"
-r:"C:/Program Files/Unity/Hub/Editor/6000.6.0f1/Editor/Data/Managed/UnityEngine/UnityEditor.VectorGraphicsModule.dll"
-r:"C:/Program Files/Unity/Hub/Editor/6000.6.0f1/Editor/Data/Managed/UnityEngine/UnityEditor.VideoModule.dll"
-r:"C:/Program Files/Unity/Hub/Editor/6000.6.0f1/Editor/Data/Managed/UnityEngine/UnityEditor.XRModule.dll"
-r:"C:/Program Files/Unity/Hub/Editor/6000.6.0f1/Editor/Data/Managed/UnityEngine/UnityEditor.dll"
-r:"C:/Program Files/Unity/Hub/Editor/6000.6.0f1/Editor/Data/Managed/UnityEngine/UnityEngine.AIModule.dll"
-r:"C:/Program Files/Unity/Hub/Editor/6000.6.0f1/Editor/Data/Managed/UnityEngine/UnityEngine.ARModule.dll"
-r:"C:/Program Files/Unity/Hub/Editor/6000.6.0f1/Editor/Data/Managed/UnityEngine/UnityEngine.AccessibilityModule.dll"
-r:"C:/Program Files/Unity/Hub/Editor/6000.6.0f1/Editor/Data/Managed/UnityEngine/UnityEngine.AdaptivePerformanceModule.dll"
-r:"C:/Program Files/Unity/Hub/Editor/6000.6.0f1/Editor/Data/Managed/UnityEngine/UnityEngine.AndroidJNIModule.dll"
-r:"C:/Program Files/Unity/Hub/Editor/6000.6.0f1/Editor/Data/Managed/UnityEngine/UnityEngine.AnimationModule.dll"
-r:"C:/Program Files/Unity/Hub/Editor/6000.6.0f1/Editor/Data/Managed/UnityEngine/UnityEngine.AssetBundleModule.dll"
-r:"C:/Program Files/Unity/Hub/Editor/6000.6.0f1/Editor/Data/Managed/UnityEngine/UnityEngine.AudioModule.dll"
-r:"C:/Program Files/Unity/Hub/Editor/6000.6.0f1/Editor/Data/Managed/UnityEngine/UnityEngine.BurstModule.dll"
-r:"C:/Program Files/Unity/Hub/Editor/6000.6.0f1/Editor/Data/Managed/UnityEngine/UnityEngine.ClothModule.dll"
-r:"C:/Program Files/Unity/Hub/Editor/6000.6.0f1/Editor/Data/Managed/UnityEngine/UnityEngine.ClusterInputModule.dll"
-r:"C:/Program Files/Unity/Hub/Editor/6000.6.0f1/Editor/Data/Managed/UnityEngine/UnityEngine.ClusterRendererModule.dll"
-r:"C:/Program Files/Unity/Hub/Editor/6000.6.0f1/Editor/Data/Managed/UnityEngine/UnityEngine.ContentLoadModule.dll"
-r:"C:/Program Files/Unity/Hub/Editor/6000.6.0f1/Editor/Data/Managed/UnityEngine/UnityEngine.CoreModule.dll"
-r:"C:/Program Files/Unity/Hub/Editor/6000.6.0f1/Editor/Data/Managed/UnityEngine/UnityEngine.CrashReportingModule.dll"
-r:"C:/Program Files/Unity/Hub/Editor/6000.6.0f1/Editor/Data/Managed/UnityEngine/UnityEngine.DSPGraphModule.dll"
-r:"C:/Program Files/Unity/Hub/Editor/6000.6.0f1/Editor/Data/Managed/UnityEngine/UnityEngine.DirectorModule.dll"
-r:"C:/Program Files/Unity/Hub/Editor/6000.6.0f1/Editor/Data/Managed/UnityEngine/UnityEngine.GIModule.dll"
-r:"C:/Program Files/Unity/Hub/Editor/6000.6.0f1/Editor/Data/Managed/UnityEngine/UnityEngine.GameCenterModule.dll"
-r:"C:/Program Files/Unity/Hub/Editor/6000.6.0f1/Editor/Data/Managed/UnityEngine/UnityEngine.GraphicsStateCollectionSerializerModule.dll"
-r:"C:/Program Files/Unity/Hub/Editor/6000.6.0f1/Editor/Data/Managed/UnityEngine/UnityEngine.GridModule.dll"
-r:"C:/Program Files/Unity/Hub/Editor/6000.6.0f1/Editor/Data/Managed/UnityEngine/UnityEngine.HierarchyCoreModule.dll"
-r:"C:/Program Files/Unity/Hub/Editor/6000.6.0f1/Editor/Data/Managed/UnityEngine/UnityEngine.HotReloadModule.dll"
-r:"C:/Program Files/Unity/Hub/Editor/6000.6.0f1/Editor/Data/Managed/UnityEngine/UnityEngine.IMGUIModule.dll"
-r:"C:/Program Files/Unity/Hub/Editor/6000.6.0f1/Editor/Data/Managed/UnityEngine/UnityEngine.IdentifiersModule.dll"
-r:"C:/Program Files/Unity/Hub/Editor/6000.6.0f1/Editor/Data/Managed/UnityEngine/UnityEngine.ImageConversionModule.dll"
-r:"C:/Program Files/Unity/Hub/Editor/6000.6.0f1/Editor/Data/Managed/UnityEngine/UnityEngine.InputForUIModule.dll"
-r:"C:/Program Files/Unity/Hub/Editor/6000.6.0f1/Editor/Data/Managed/UnityEngine/UnityEngine.InputLegacyModule.dll"
-r:"C:/Program Files/Unity/Hub/Editor/6000.6.0f1/Editor/Data/Managed/UnityEngine/UnityEngine.InputModule.dll"
-r:"C:/Program Files/Unity/Hub/Editor/6000.6.0f1/Editor/Data/Managed/UnityEngine/UnityEngine.InsightsModule.dll"
-r:"C:/Program Files/Unity/Hub/Editor/6000.6.0f1/Editor/Data/Managed/UnityEngine/UnityEngine.JSONSerializeModule.dll"
-r:"C:/Program Files/Unity/Hub/Editor/6000.6.0f1/Editor/Data/Managed/UnityEngine/UnityEngine.LocalizationModule.dll"
-r:"C:/Program Files/Unity/Hub/Editor/6000.6.0f1/Editor/Data/Managed/UnityEngine/UnityEngine.ManagedKernelModule.dll"
-r:"C:/Program Files/Unity/Hub/Editor/6000.6.0f1/Editor/Data/Managed/UnityEngine/UnityEngine.MarshallingModule.dll"
-r:"C:/Program Files/Unity/Hub/Editor/6000.6.0f1/Editor/Data/Managed/UnityEngine/UnityEngine.MathematicsModule.dll"
-r:"C:/Program Files/Unity/Hub/Editor/6000.6.0f1/Editor/Data/Managed/UnityEngine/UnityEngine.MultiplayerModule.dll"
-r:"C:/Program Files/Unity/Hub/Editor/6000.6.0f1/Editor/Data/Managed/UnityEngine/UnityEngine.ParticleSystemModule.dll"
-r:"C:/Program Files/Unity/Hub/Editor/6000.6.0f1/Editor/Data/Managed/UnityEngine/UnityEngine.PerformanceReportingModule.dll"
-r:"C:/Program Files/Unity/Hub/Editor/6000.6.0f1/Editor/Data/Managed/UnityEngine/UnityEngine.Physics2DModule.dll"
-r:"C:/Program Files/Unity/Hub/Editor/6000.6.0f1/Editor/Data/Managed/UnityEngine/UnityEngine.PhysicsBackendPhysXModule.dll"
-r:"C:/Program Files/Unity/Hub/Editor/6000.6.0f1/Editor/Data/Managed/UnityEngine/UnityEngine.PhysicsCore2DModule.dll"
-r:"C:/Program Files/Unity/Hub/Editor/6000.6.0f1/Editor/Data/Managed/UnityEngine/UnityEngine.PhysicsModule.dll"
-r:"C:/Program Files/Unity/Hub/Editor/6000.6.0f1/Editor/Data/Managed/UnityEngine/UnityEngine.PropertiesModule.dll"
-r:"C:/Program Files/Unity/Hub/Editor/6000.6.0f1/Editor/Data/Managed/UnityEngine/UnityEngine.RenderAs2DModule.dll"
-r:"C:/Program Files/Unity/Hub/Editor/6000.6.0f1/Editor/Data/Managed/UnityEngine/UnityEngine.RuntimeInitializeOnLoadManagerInitializerModule.dll"
-r:"C:/Program Files/Unity/Hub/Editor/6000.6.0f1/Editor/Data/Managed/UnityEngine/UnityEngine.ScreenCaptureModule.dll"
-r:"C:/Program Files/Unity/Hub/Editor/6000.6.0f1/Editor/Data/Managed/UnityEngine/UnityEngine.ScriptingModule.dll"
-r:"C:/Program Files/Unity/Hub/Editor/6000.6.0f1/Editor/Data/Managed/UnityEngine/UnityEngine.ShaderVariantAnalyticsModule.dll"
-r:"C:/Program Files/Unity/Hub/Editor/6000.6.0f1/Editor/Data/Managed/UnityEngine/UnityEngine.SpriteMaskModule.dll"
-r:"C:/Program Files/Unity/Hub/Editor/6000.6.0f1/Editor/Data/Managed/UnityEngine/UnityEngine.SpriteShapeModule.dll"
-r:"C:/Program Files/Unity/Hub/Editor/6000.6.0f1/Editor/Data/Managed/UnityEngine/UnityEngine.StreamingModule.dll"
-r:"C:/Program Files/Unity/Hub/Editor/6000.6.0f1/Editor/Data/Managed/UnityEngine/UnityEngine.SubstanceModule.dll"
-r:"C:/Program Files/Unity/Hub/Editor/6000.6.0f1/Editor/Data/Managed/UnityEngine/UnityEngine.SubsystemsModule.dll"
-r:"C:/Program Files/Unity/Hub/Editor/6000.6.0f1/Editor/Data/Managed/UnityEngine/UnityEngine.TLSModule.dll"
-r:"C:/Program Files/Unity/Hub/Editor/6000.6.0f1/Editor/Data/Managed/UnityEngine/UnityEngine.TerrainModule.dll"
-r:"C:/Program Files/Unity/Hub/Editor/6000.6.0f1/Editor/Data/Managed/UnityEngine/UnityEngine.TerrainPhysicsModule.dll"
-r:"C:/Program Files/Unity/Hub/Editor/6000.6.0f1/Editor/Data/Managed/UnityEngine/UnityEngine.TetgenModule.dll"
-r:"C:/Program Files/Unity/Hub/Editor/6000.6.0f1/Editor/Data/Managed/UnityEngine/UnityEngine.TextCoreFontEngineModule.dll"
-r:"C:/Program Files/Unity/Hub/Editor/6000.6.0f1/Editor/Data/Managed/UnityEngine/UnityEngine.TextCoreTextEngineModule.dll"
-r:"C:/Program Files/Unity/Hub/Editor/6000.6.0f1/Editor/Data/Managed/UnityEngine/UnityEngine.TextRenderingModule.dll"
-r:"C:/Program Files/Unity/Hub/Editor/6000.6.0f1/Editor/Data/Managed/UnityEngine/UnityEngine.TilemapModule.dll"
-r:"C:/Program Files/Unity/Hub/Editor/6000.6.0f1/Editor/Data/Managed/UnityEngine/UnityEngine.TimelineFoundationModule.dll"
-r:"C:/Program Files/Unity/Hub/Editor/6000.6.0f1/Editor/Data/Managed/UnityEngine/UnityEngine.U2DRuntimeModule.dll"
-r:"C:/Program Files/Unity/Hub/Editor/6000.6.0f1/Editor/Data/Managed/UnityEngine/UnityEngine.UIElementsModule.dll"
-r:"C:/Program Files/Unity/Hub/Editor/6000.6.0f1/Editor/Data/Managed/UnityEngine/UnityEngine.UIModule.dll"
-r:"C:/Program Files/Unity/Hub/Editor/6000.6.0f1/Editor/Data/Managed/UnityEngine/UnityEngine.UmbraModule.dll"
-r:"C:/Program Files/Unity/Hub/Editor/6000.6.0f1/Editor/Data/Managed/UnityEngine/UnityEngine.UnityAnalyticsCommonModule.dll"
-r:"C:/Program Files/Unity/Hub/Editor/6000.6.0f1/Editor/Data/Managed/UnityEngine/UnityEngine.UnityAnalyticsModule.dll"
-r:"C:/Program Files/Unity/Hub/Editor/6000.6.0f1/Editor/Data/Managed/UnityEngine/UnityEngine.UnityConnectModule.dll"
-r:"C:/Program Files/Unity/Hub/Editor/6000.6.0f1/Editor/Data/Managed/UnityEngine/UnityEngine.UnityConsentModule.dll"
-r:"C:/Program Files/Unity/Hub/Editor/6000.6.0f1/Editor/Data/Managed/UnityEngine/UnityEngine.UnityCurlModule.dll"
-r:"C:/Program Files/Unity/Hub/Editor/6000.6.0f1/Editor/Data/Managed/UnityEngine/UnityEngine.UnityWebRequestAssetBundleModule.dll"
-r:"C:/Program Files/Unity/Hub/Editor/6000.6.0f1/Editor/Data/Managed/UnityEngine/UnityEngine.UnityWebRequestAudioModule.dll"
-r:"C:/Program Files/Unity/Hub/Editor/6000.6.0f1/Editor/Data/Managed/UnityEngine/UnityEngine.UnityWebRequestModule.dll"
-r:"C:/Program Files/Unity/Hub/Editor/6000.6.0f1/Editor/Data/Managed/UnityEngine/UnityEngine.UnityWebRequestTextureModule.dll"
-r:"C:/Program Files/Unity/Hub/Editor/6000.6.0f1/Editor/Data/Managed/UnityEngine/UnityEngine.UnityWebRequestWWWModule.dll"
-r:"C:/Program Files/Unity/Hub/Editor/6000.6.0f1/Editor/Data/Managed/UnityEngine/UnityEngine.VFXModule.dll"
-r:"C:/Program Files/Unity/Hub/Editor/6000.6.0f1/Editor/Data/Managed/UnityEngine/UnityEngine.VectorGraphicsModule.dll"
-r:"C:/Program Files/Unity/Hub/Editor/6000.6.0f1/Editor/Data/Managed/UnityEngine/UnityEngine.VehiclesModule.dll"
-r:"C:/Program Files/Unity/Hub/Editor/6000.6.0f1/Editor/Data/Managed/UnityEngine/UnityEngine.VideoModule.dll"
-r:"C:/Program Files/Unity/Hub/Editor/6000.6.0f1/Editor/Data/Managed/UnityEngine/UnityEngine.VirtualTexturingModule.dll"
-r:"C:/Program Files/Unity/Hub/Editor/6000.6.0f1/Editor/Data/Managed/UnityEngine/UnityEngine.WindModule.dll"
-r:"C:/Program Files/Unity/Hub/Editor/6000.6.0f1/Editor/Data/Managed/UnityEngine/UnityEngine.XRModule.dll"
-r:"C:/Program Files/Unity/Hub/Editor/6000.6.0f1/Editor/Data/Managed/UnityEngine/UnityEngine.dll"
-r:"C:/Program Files/Unity/Hub/Editor/6000.6.0f1/Editor/Data/NetStandard/Extensions/2.0.0/System.Runtime.InteropServices.WindowsRuntime.dll"
-r:"C:/Program Files/Unity/Hub/Editor/6000.6.0f1/Editor/Data/NetStandard/compat/2.1.0/shims/netfx/System.ComponentModel.Composition.dll"
-r:"C:/Program Files/Unity/Hub/Editor/6000.6.0f1/Editor/Data/NetStandard/compat/2.1.0/shims/netfx/System.Core.dll"
-r:"C:/Program Files/Unity/Hub/Editor/6000.6.0f1/Editor/Data/NetStandard/compat/2.1.0/shims/netfx/System.Data.dll"
-r:"C:/Program Files/Unity/Hub/Editor/6000.6.0f1/Editor/Data/NetStandard/compat/2.1.0/shims/netfx/System.Drawing.dll"
-r:"C:/Program Files/Unity/Hub/Editor/6000.6.0f1/Editor/Data/NetStandard/compat/2.1.0/shims/netfx/System.IO.Compression.FileSystem.dll"
-r:"C:/Program Files/Unity/Hub/Editor/6000.6.0f1/Editor/Data/NetStandard/compat/2.1.0/shims/netfx/System.Net.dll"
-r:"C:/Program Files/Unity/Hub/Editor/6000.6.0f1/Editor/Data/NetStandard/compat/2.1.0/shims/netfx/System.Numerics.dll"
-r:"C:/Program Files/Unity/Hub/Editor/6000.6.0f1/Editor/Data/NetStandard/compat/2.1.0/shims/netfx/System.Runtime.Serialization.dll"
-r:"C:/Program Files/Unity/Hub/Editor/6000.6.0f1/Editor/Data/NetStandard/compat/2.1.0/shims/netfx/System.ServiceModel.Web.dll"
-r:"C:/Program Files/Unity/Hub/Editor/6000.6.0f1/Editor/Data/NetStandard/compat/2.1.0/shims/netfx/System.Transactions.dll"
-r:"C:/Program Files/Unity/Hub/Editor/6000.6.0f1/Editor/Data/NetStandard/compat/2.1.0/shims/netfx/System.Web.dll"
-r:"C:/Program Files/Unity/Hub/Editor/6000.6.0f1/Editor/Data/NetStandard/compat/2.1.0/shims/netfx/System.Windows.dll"
-r:"C:/Program Files/Unity/Hub/Editor/6000.6.0f1/Editor/Data/NetStandard/compat/2.1.0/shims/netfx/System.Xml.Linq.dll"
-r:"C:/Program Files/Unity/Hub/Editor/6000.6.0f1/Editor/Data/NetStandard/compat/2.1.0/shims/netfx/System.Xml.Serialization.dll"
-r:"C:/Program Files/Unity/Hub/Editor/6000.6.0f1/Editor/Data/NetStandard/compat/2.1.0/shims/netfx/System.Xml.dll"
-r:"C:/Program Files/Unity/Hub/Editor/6000.6.0f1/Editor/Data/NetStandard/compat/2.1.0/shims/netfx/System.dll"
-r:"C:/Program Files/Unity/Hub/Editor/6000.6.0f1/Editor/Data/NetStandard/compat/2.1.0/shims/netfx/mscorlib.dll"
-r:"C:/Program Files/Unity/Hub/Editor/6000.6.0f1/Editor/Data/NetStandard/compat/2.1.0/shims/netstandard/Microsoft.Win32.Primitives.dll"
-r:"C:/Program Files/Unity/Hub/Editor/6000.6.0f1/Editor/Data/NetStandard/compat/2.1.0/shims/netstandard/System.AppContext.dll"
-r:"C:/Program Files/Unity/Hub/Editor/6000.6.0f1/Editor/Data/NetStandard/compat/2.1.0/shims/netstandard/System.Buffers.dll"
-r:"C:/Program Files/Unity/Hub/Editor/6000.6.0f1/Editor/Data/NetStandard/compat/2.1.0/shims/netstandard/System.Collections.Concurrent.dll"
-r:"C:/Program Files/Unity/Hub/Editor/6000.6.0f1/Editor/Data/NetStandard/compat/2.1.0/shims/netstandard/System.Collections.NonGeneric.dll"
-r:"C:/Program Files/Unity/Hub/Editor/6000.6.0f1/Editor/Data/NetStandard/compat/2.1.0/shims/netstandard/System.Collections.Specialized.dll"
-r:"C:/Program Files/Unity/Hub/Editor/6000.6.0f1/Editor/Data/NetStandard/compat/2.1.0/shims/netstandard/System.Collections.dll"
-r:"C:/Program Files/Unity/Hub/Editor/6000.6.0f1/Editor/Data/NetStandard/compat/2.1.0/shims/netstandard/System.ComponentModel.EventBasedAsync.dll"
-r:"C:/Program Files/Unity/Hub/Editor/6000.6.0f1/Editor/Data/NetStandard/compat/2.1.0/shims/netstandard/System.ComponentModel.Primitives.dll"
-r:"C:/Program Files/Unity/Hub/Editor/6000.6.0f1/Editor/Data/NetStandard/compat/2.1.0/shims/netstandard/System.ComponentModel.TypeConverter.dll"
-r:"C:/Program Files/Unity/Hub/Editor/6000.6.0f1/Editor/Data/NetStandard/compat/2.1.0/shims/netstandard/System.ComponentModel.dll"
-r:"C:/Program Files/Unity/Hub/Editor/6000.6.0f1/Editor/Data/NetStandard/compat/2.1.0/shims/netstandard/System.Console.dll"
-r:"C:/Program Files/Unity/Hub/Editor/6000.6.0f1/Editor/Data/NetStandard/compat/2.1.0/shims/netstandard/System.Data.Common.dll"
-r:"C:/Program Files/Unity/Hub/Editor/6000.6.0f1/Editor/Data/NetStandard/compat/2.1.0/shims/netstandard/System.Diagnostics.Contracts.dll"
-r:"C:/Program Files/Unity/Hub/Editor/6000.6.0f1/Editor/Data/NetStandard/compat/2.1.0/shims/netstandard/System.Diagnostics.Debug.dll"
-r:"C:/Program Files/Unity/Hub/Editor/6000.6.0f1/Editor/Data/NetStandard/compat/2.1.0/shims/netstandard/System.Diagnostics.FileVersionInfo.dll"
-r:"C:/Program Files/Unity/Hub/Editor/6000.6.0f1/Editor/Data/NetStandard/compat/2.1.0/shims/netstandard/System.Diagnostics.Process.dll"
-r:"C:/Program Files/Unity/Hub/Editor/6000.6.0f1/Editor/Data/NetStandard/compat/2.1.0/shims/netstandard/System.Diagnostics.StackTrace.dll"
-r:"C:/Program Files/Unity/Hub/Editor/6000.6.0f1/Editor/Data/NetStandard/compat/2.1.0/shims/netstandard/System.Diagnostics.TextWriterTraceListener.dll"
-r:"C:/Program Files/Unity/Hub/Editor/6000.6.0f1/Editor/Data/NetStandard/compat/2.1.0/shims/netstandard/System.Diagnostics.Tools.dll"
-r:"C:/Program Files/Unity/Hub/Editor/6000.6.0f1/Editor/Data/NetStandard/compat/2.1.0/shims/netstandard/System.Diagnostics.TraceSource.dll"
-r:"C:/Program Files/Unity/Hub/Editor/6000.6.0f1/Editor/Data/NetStandard/compat/2.1.0/shims/netstandard/System.Diagnostics.Tracing.dll"
-r:"C:/Program Files/Unity/Hub/Editor/6000.6.0f1/Editor/Data/NetStandard/compat/2.1.0/shims/netstandard/System.Drawing.Primitives.dll"
-r:"C:/Program Files/Unity/Hub/Editor/6000.6.0f1/Editor/Data/NetStandard/compat/2.1.0/shims/netstandard/System.Dynamic.Runtime.dll"
-r:"C:/Program Files/Unity/Hub/Editor/6000.6.0f1/Editor/Data/NetStandard/compat/2.1.0/shims/netstandard/System.Globalization.Calendars.dll"
-r:"C:/Program Files/Unity/Hub/Editor/6000.6.0f1/Editor/Data/NetStandard/compat/2.1.0/shims/netstandard/System.Globalization.Extensions.dll"
-r:"C:/Program Files/Unity/Hub/Editor/6000.6.0f1/Editor/Data/NetStandard/compat/2.1.0/shims/netstandard/System.Globalization.dll"
-r:"C:/Program Files/Unity/Hub/Editor/6000.6.0f1/Editor/Data/NetStandard/compat/2.1.0/shims/netstandard/System.IO.Compression.ZipFile.dll"
-r:"C:/Program Files/Unity/Hub/Editor/6000.6.0f1/Editor/Data/NetStandard/compat/2.1.0/shims/netstandard/System.IO.Compression.dll"
-r:"C:/Program Files/Unity/Hub/Editor/6000.6.0f1/Editor/Data/NetStandard/compat/2.1.0/shims/netstandard/System.IO.FileSystem.DriveInfo.dll"
-r:"C:/Program Files/Unity/Hub/Editor/6000.6.0f1/Editor/Data/NetStandard/compat/2.1.0/shims/netstandard/System.IO.FileSystem.Primitives.dll"
-r:"C:/Program Files/Unity/Hub/Editor/6000.6.0f1/Editor/Data/NetStandard/compat/2.1.0/shims/netstandard/System.IO.FileSystem.Watcher.dll"
-r:"C:/Program Files/Unity/Hub/Editor/6000.6.0f1/Editor/Data/NetStandard/compat/2.1.0/shims/netstandard/System.IO.FileSystem.dll"
-r:"C:/Program Files/Unity/Hub/Editor/6000.6.0f1/Editor/Data/NetStandard/compat/2.1.0/shims/netstandard/System.IO.IsolatedStorage.dll"
-r:"C:/Program Files/Unity/Hub/Editor/6000.6.0f1/Editor/Data/NetStandard/compat/2.1.0/shims/netstandard/System.IO.MemoryMappedFiles.dll"
-r:"C:/Program Files/Unity/Hub/Editor/6000.6.0f1/Editor/Data/NetStandard/compat/2.1.0/shims/netstandard/System.IO.Pipes.dll"
-r:"C:/Program Files/Unity/Hub/Editor/6000.6.0f1/Editor/Data/NetStandard/compat/2.1.0/shims/netstandard/System.IO.UnmanagedMemoryStream.dll"
-r:"C:/Program Files/Unity/Hub/Editor/6000.6.0f1/Editor/Data/NetStandard/compat/2.1.0/shims/netstandard/System.IO.dll"
-r:"C:/Program Files/Unity/Hub/Editor/6000.6.0f1/Editor/Data/NetStandard/compat/2.1.0/shims/netstandard/System.Linq.Expressions.dll"
-r:"C:/Program Files/Unity/Hub/Editor/6000.6.0f1/Editor/Data/NetStandard/compat/2.1.0/shims/netstandard/System.Linq.Parallel.dll"
-r:"C:/Program Files/Unity/Hub/Editor/6000.6.0f1/Editor/Data/NetStandard/compat/2.1.0/shims/netstandard/System.Linq.Queryable.dll"
-r:"C:/Program Files/Unity/Hub/Editor/6000.6.0f1/Editor/Data/NetStandard/compat/2.1.0/shims/netstandard/System.Linq.dll"
-r:"C:/Program Files/Unity/Hub/Editor/6000.6.0f1/Editor/Data/NetStandard/compat/2.1.0/shims/netstandard/System.Memory.dll"
-r:"C:/Program Files/Unity/Hub/Editor/6000.6.0f1/Editor/Data/NetStandard/compat/2.1.0/shims/netstandard/System.Net.Http.dll"
-r:"C:/Program Files/Unity/Hub/Editor/6000.6.0f1/Editor/Data/NetStandard/compat/2.1.0/shims/netstandard/System.Net.NameResolution.dll"
-r:"C:/Program Files/Unity/Hub/Editor/6000.6.0f1/Editor/Data/NetStandard/compat/2.1.0/shims/netstandard/System.Net.NetworkInformation.dll"
-r:"C:/Program Files/Unity/Hub/Editor/6000.6.0f1/Editor/Data/NetStandard/compat/2.1.0/shims/netstandard/System.Net.Ping.dll"
-r:"C:/Program Files/Unity/Hub/Editor/6000.6.0f1/Editor/Data/NetStandard/compat/2.1.0/shims/netstandard/System.Net.Primitives.dll"
-r:"C:/Program Files/Unity/Hub/Editor/6000.6.0f1/Editor/Data/NetStandard/compat/2.1.0/shims/netstandard/System.Net.Requests.dll"
-r:"C:/Program Files/Unity/Hub/Editor/6000.6.0f1/Editor/Data/NetStandard/compat/2.1.0/shims/netstandard/System.Net.Security.dll"
-r:"C:/Program Files/Unity/Hub/Editor/6000.6.0f1/Editor/Data/NetStandard/compat/2.1.0/shims/netstandard/System.Net.Sockets.dll"
-r:"C:/Program Files/Unity/Hub/Editor/6000.6.0f1/Editor/Data/NetStandard/compat/2.1.0/shims/netstandard/System.Net.WebHeaderCollection.dll"
-r:"C:/Program Files/Unity/Hub/Editor/6000.6.0f1/Editor/Data/NetStandard/compat/2.1.0/shims/netstandard/System.Net.WebSockets.Client.dll"
-r:"C:/Program Files/Unity/Hub/Editor/6000.6.0f1/Editor/Data/NetStandard/compat/2.1.0/shims/netstandard/System.Net.WebSockets.dll"
-r:"C:/Program Files/Unity/Hub/Editor/6000.6.0f1/Editor/Data/NetStandard/compat/2.1.0/shims/netstandard/System.Numerics.Vectors.dll"
-r:"C:/Program Files/Unity/Hub/Editor/6000.6.0f1/Editor/Data/NetStandard/compat/2.1.0/shims/netstandard/System.ObjectModel.dll"
-r:"C:/Program Files/Unity/Hub/Editor/6000.6.0f1/Editor/Data/NetStandard/compat/2.1.0/shims/netstandard/System.Reflection.DispatchProxy.dll"
-r:"C:/Program Files/Unity/Hub/Editor/6000.6.0f1/Editor/Data/NetStandard/compat/2.1.0/shims/netstandard/System.Reflection.Emit.ILGeneration.dll"
-r:"C:/Program Files/Unity/Hub/Editor/6000.6.0f1/Editor/Data/NetStandard/compat/2.1.0/shims/netstandard/System.Reflection.Emit.Lightweight.dll"
-r:"C:/Program Files/Unity/Hub/Editor/6000.6.0f1/Editor/Data/NetStandard/compat/2.1.0/shims/netstandard/System.Reflection.Emit.dll"
-r:"C:/Program Files/Unity/Hub/Editor/6000.6.0f1/Editor/Data/NetStandard/compat/2.1.0/shims/netstandard/System.Reflection.Extensions.dll"
-r:"C:/Program Files/Unity/Hub/Editor/6000.6.0f1/Editor/Data/NetStandard/compat/2.1.0/shims/netstandard/System.Reflection.Primitives.dll"
-r:"C:/Program Files/Unity/Hub/Editor/6000.6.0f1/Editor/Data/NetStandard/compat/2.1.0/shims/netstandard/System.Reflection.dll"
-r:"C:/Program Files/Unity/Hub/Editor/6000.6.0f1/Editor/Data/NetStandard/compat/2.1.0/shims/netstandard/System.Resources.Reader.dll"
-r:"C:/Program Files/Unity/Hub/Editor/6000.6.0f1/Editor/Data/NetStandard/compat/2.1.0/shims/netstandard/System.Resources.ResourceManager.dll"
-r:"C:/Program Files/Unity/Hub/Editor/6000.6.0f1/Editor/Data/NetStandard/compat/2.1.0/shims/netstandard/System.Resources.Writer.dll"
-r:"C:/Program Files/Unity/Hub/Editor/6000.6.0f1/Editor/Data/NetStandard/compat/2.1.0/shims/netstandard/System.Runtime.CompilerServices.VisualC.dll"
-r:"C:/Program Files/Unity/Hub/Editor/6000.6.0f1/Editor/Data/NetStandard/compat/2.1.0/shims/netstandard/System.Runtime.Extensions.dll"
-r:"C:/Program Files/Unity/Hub/Editor/6000.6.0f1/Editor/Data/NetStandard/compat/2.1.0/shims/netstandard/System.Runtime.Handles.dll"
-r:"C:/Program Files/Unity/Hub/Editor/6000.6.0f1/Editor/Data/NetStandard/compat/2.1.0/shims/netstandard/System.Runtime.InteropServices.RuntimeInformation.dll"
-r:"C:/Program Files/Unity/Hub/Editor/6000.6.0f1/Editor/Data/NetStandard/compat/2.1.0/shims/netstandard/System.Runtime.InteropServices.dll"
-r:"C:/Program Files/Unity/Hub/Editor/6000.6.0f1/Editor/Data/NetStandard/compat/2.1.0/shims/netstandard/System.Runtime.Numerics.dll"
-r:"C:/Program Files/Unity/Hub/Editor/6000.6.0f1/Editor/Data/NetStandard/compat/2.1.0/shims/netstandard/System.Runtime.Serialization.Formatters.dll"
-r:"C:/Program Files/Unity/Hub/Editor/6000.6.0f1/Editor/Data/NetStandard/compat/2.1.0/shims/netstandard/System.Runtime.Serialization.Json.dll"
-r:"C:/Program Files/Unity/Hub/Editor/6000.6.0f1/Editor/Data/NetStandard/compat/2.1.0/shims/netstandard/System.Runtime.Serialization.Primitives.dll"
-r:"C:/Program Files/Unity/Hub/Editor/6000.6.0f1/Editor/Data/NetStandard/compat/2.1.0/shims/netstandard/System.Runtime.Serialization.Xml.dll"
-r:"C:/Program Files/Unity/Hub/Editor/6000.6.0f1/Editor/Data/NetStandard/compat/2.1.0/shims/netstandard/System.Runtime.dll"
-r:"C:/Program Files/Unity/Hub/Editor/6000.6.0f1/Editor/Data/NetStandard/compat/2.1.0/shims/netstandard/System.Security.Claims.dll"
-r:"C:/Program Files/Unity/Hub/Editor/6000.6.0f1/Editor/Data/NetStandard/compat/2.1.0/shims/netstandard/System.Security.Cryptography.Algorithms.dll"
-r:"C:/Program Files/Unity/Hub/Editor/6000.6.0f1/Editor/Data/NetStandard/compat/2.1.0/shims/netstandard/System.Security.Cryptography.Csp.dll"
-r:"C:/Program Files/Unity/Hub/Editor/6000.6.0f1/Editor/Data/NetStandard/compat/2.1.0/shims/netstandard/System.Security.Cryptography.Encoding.dll"
-r:"C:/Program Files/Unity/Hub/Editor/6000.6.0f1/Editor/Data/NetStandard/compat/2.1.0/shims/netstandard/System.Security.Cryptography.Primitives.dll"
-r:"C:/Program Files/Unity/Hub/Editor/6000.6.0f1/Editor/Data/NetStandard/compat/2.1.0/shims/netstandard/System.Security.Cryptography.X509Certificates.dll"
-r:"C:/Program Files/Unity/Hub/Editor/6000.6.0f1/Editor/Data/NetStandard/compat/2.1.0/shims/netstandard/System.Security.Principal.dll"
-r:"C:/Program Files/Unity/Hub/Editor/6000.6.0f1/Editor/Data/NetStandard/compat/2.1.0/shims/netstandard/System.Security.SecureString.dll"
-r:"C:/Program Files/Unity/Hub/Editor/6000.6.0f1/Editor/Data/NetStandard/compat/2.1.0/shims/netstandard/System.Text.Encoding.Extensions.dll"
-r:"C:/Program Files/Unity/Hub/Editor/6000.6.0f1/Editor/Data/NetStandard/compat/2.1.0/shims/netstandard/System.Text.Encoding.dll"
-r:"C:/Program Files/Unity/Hub/Editor/6000.6.0f1/Editor/Data/NetStandard/compat/2.1.0/shims/netstandard/System.Text.RegularExpressions.dll"
-r:"C:/Program Files/Unity/Hub/Editor/6000.6.0f1/Editor/Data/NetStandard/compat/2.1.0/shims/netstandard/System.Threading.Overlapped.dll"
-r:"C:/Program Files/Unity/Hub/Editor/6000.6.0f1/Editor/Data/NetStandard/compat/2.1.0/shims/netstandard/System.Threading.Tasks.Extensions.dll"
-r:"C:/Program Files/Unity/Hub/Editor/6000.6.0f1/Editor/Data/NetStandard/compat/2.1.0/shims/netstandard/System.Threading.Tasks.Parallel.dll"
-r:"C:/Program Files/Unity/Hub/Editor/6000.6.0f1/Editor/Data/NetStandard/compat/2.1.0/shims/netstandard/System.Threading.Tasks.dll"
-r:"C:/Program Files/Unity/Hub/Editor/6000.6.0f1/Editor/Data/NetStandard/compat/2.1.0/shims/netstandard/System.Threading.Thread.dll"
-r:"C:/Program Files/Unity/Hub/Editor/6000.6.0f1/Editor/Data/NetStandard/compat/2.1.0/shims/netstandard/System.Threading.ThreadPool.dll"
-r:"C:/Program Files/Unity/Hub/Editor/6000.6.0f1/Editor/Data/NetStandard/compat/2.1.0/shims/netstandard/System.Threading.Timer.dll"
-r:"C:/Program Files/Unity/Hub/Editor/6000.6.0f1/Editor/Data/NetStandard/compat/2.1.0/shims/netstandard/System.Threading.dll"
-r:"C:/Program Files/Unity/Hub/Editor/6000.6.0f1/Editor/Data/NetStandard/compat/2.1.0/shims/netstandard/System.ValueTuple.dll"
-r:"C:/Program Files/Unity/Hub/Editor/6000.6.0f1/Editor/Data/NetStandard/compat/2.1.0/shims/netstandard/System.Xml.ReaderWriter.dll"
-r:"C:/Program Files/Unity/Hub/Editor/6000.6.0f1/Editor/Data/NetStandard/compat/2.1.0/shims/netstandard/System.Xml.XDocument.dll"
-r:"C:/Program Files/Unity/Hub/Editor/6000.6.0f1/Editor/Data/NetStandard/compat/2.1.0/shims/netstandard/System.Xml.XPath.XDocument.dll"
-r:"C:/Program Files/Unity/Hub/Editor/6000.6.0f1/Editor/Data/NetStandard/compat/2.1.0/shims/netstandard/System.Xml.XPath.dll"
-r:"C:/Program Files/Unity/Hub/Editor/6000.6.0f1/Editor/Data/NetStandard/compat/2.1.0/shims/netstandard/System.Xml.XmlDocument.dll"
-r:"C:/Program Files/Unity/Hub/Editor/6000.6.0f1/Editor/Data/NetStandard/compat/2.1.0/shims/netstandard/System.Xml.XmlSerializer.dll"
-r:"C:/Program Files/Unity/Hub/Editor/6000.6.0f1/Editor/Data/NetStandard/ref/2.1.0/netstandard.dll"
-r:"Library/PackageCache/com.unity.collections@10fff0607388/Unity.Collections.LowLevel.ILSupport/Unity.Collections.LowLevel.ILSupport.dll"
-r:"Library/PackageCache/com.unity.ext.nunit@0198eae3b53e/net472/unity-custom/nunit.framework.dll"
-r:"Library/PackageCache/com.unity.nuget.mono-cecil@ecb9724e46ff/Mono.Cecil.dll"
-r:"Library/PackageCache/com.unity.nuget.newtonsoft-json@4dfd81071c64/Runtime/Newtonsoft.Json.dll"
-r:"Library/PackageCache/com.unity.visualscripting@4edfcc09512f/Runtime/VisualScripting.Flow/Dependencies/NCalc/Unity.VisualScripting.Antlr3.Runtime.dll"
-r:"Library/Bee/artifacts/1900b0aE.dag/HFDownloader.ref.dll"
-r:"Library/Bee/artifacts/1900b0aE.dag/Unity.2D.Sprite.Editor.ref.dll"
-r:"Library/Bee/artifacts/1900b0aE.dag/Unity.AI.Assistant.Agent.Dynamic.Extension.Editor.ref.dll"
-r:"Library/Bee/artifacts/1900b0aE.dag/Unity.AI.Assistant.Annotations.Editor.ref.dll"
-r:"Library/Bee/artifacts/1900b0aE.dag/Unity.AI.Assistant.API.Editor.ref.dll"
-r:"Library/Bee/artifacts/1900b0aE.dag/Unity.AI.Assistant.Bridge.Editor.ref.dll"
-r:"Library/Bee/artifacts/1900b0aE.dag/Unity.AI.Assistant.Integrations.Profiler.Editor.ref.dll"
-r:"Library/Bee/artifacts/1900b0aE.dag/Unity.AI.Assistant.Runtime.ref.dll"
-r:"Library/Bee/artifacts/1900b0aE.dag/Unity.AI.Assistant.Tools.Editor.ref.dll"
-r:"Library/Bee/artifacts/1900b0aE.dag/Unity.AI.MCP.Editor.ref.dll"
-r:"Library/Bee/artifacts/1900b0aE.dag/Unity.AI.MCP.Runtime.ref.dll"
-r:"Library/Bee/artifacts/1900b0aE.dag/Unity.AI.Navigation.Editor.ConversionSystem.ref.dll"
-r:"Library/Bee/artifacts/1900b0aE.dag/Unity.AI.Navigation.Editor.ref.dll"
-r:"Library/Bee/artifacts/1900b0aE.dag/Unity.AI.Navigation.ref.dll"
-r:"Library/Bee/artifacts/1900b0aE.dag/Unity.AI.Navigation.Updater.ref.dll"
-r:"Library/Bee/artifacts/1900b0aE.dag/Unity.AI.Tracing.ref.dll"
-r:"Library/Bee/artifacts/1900b0aE.dag/Unity.AppUI.Editor.ref.dll"
-r:"Library/Bee/artifacts/1900b0aE.dag/Unity.AppUI.MVVM.ref.dll"
-r:"Library/Bee/artifacts/1900b0aE.dag/Unity.AppUI.Navigation.Editor.ref.dll"
-r:"Library/Bee/artifacts/1900b0aE.dag/Unity.AppUI.Navigation.ref.dll"
-r:"Library/Bee/artifacts/1900b0aE.dag/Unity.AppUI.Redux.Editor.ref.dll"
-r:"Library/Bee/artifacts/1900b0aE.dag/Unity.AppUI.Redux.ref.dll"
-r:"Library/Bee/artifacts/1900b0aE.dag/Unity.AppUI.ref.dll"
-r:"Library/Bee/artifacts/1900b0aE.dag/Unity.AppUI.Undo.ref.dll"
-r:"Library/Bee/artifacts/1900b0aE.dag/Unity.Burst.ref.dll"
-r:"Library/Bee/artifacts/1900b0aE.dag/Unity.Collections.Editor.ref.dll"
-r:"Library/Bee/artifacts/1900b0aE.dag/Unity.Collections.ref.dll"
-r:"Library/Bee/artifacts/1900b0aE.dag/Unity.Collections.Tests.CoreCLR.InternalJobNestedPrivate.ref.dll"
-r:"Library/Bee/artifacts/1900b0aE.dag/Unity.Collections.Tests.CoreCLR.PrivateJobNested.ref.dll"
-r:"Library/Bee/artifacts/1900b0aE.dag/Unity.Collections.Tests.CoreCLR.ProtectedJobNested.ref.dll"
-r:"Library/Bee/artifacts/1900b0aE.dag/Unity.Collections.Tests.CoreCLR.PublicJobPrivateGeneric.ref.dll"
-r:"Library/Bee/artifacts/1900b0aE.dag/Unity.GraphAuthoring.Editor.ref.dll"
-r:"Library/Bee/artifacts/1900b0aE.dag/Unity.InferenceEngine.Editor.ref.dll"
-r:"Library/Bee/artifacts/1900b0aE.dag/Unity.InferenceEngine.iOSBLAS.ref.dll"
-r:"Library/Bee/artifacts/1900b0aE.dag/Unity.InferenceEngine.MacBLAS.ref.dll"
-r:"Library/Bee/artifacts/1900b0aE.dag/Unity.InferenceEngine.ONNX.Editor.ref.dll"
-r:"Library/Bee/artifacts/1900b0aE.dag/Unity.InferenceEngine.ref.dll"
-r:"Library/Bee/artifacts/1900b0aE.dag/Unity.InferenceEngine.Tokenization.ref.dll"
-r:"Library/Bee/artifacts/1900b0aE.dag/Unity.InputSystem.ForUI.Editor.ref.dll"
-r:"Library/Bee/artifacts/1900b0aE.dag/Unity.InputSystem.ForUI.ref.dll"
-r:"Library/Bee/artifacts/1900b0aE.dag/Unity.InputSystem.ref.dll"
-r:"Library/Bee/artifacts/1900b0aE.dag/Unity.InternalAPIEditorBridge.ShaderGraph.Editor.ref.dll"
-r:"Library/Bee/artifacts/1900b0aE.dag/Unity.InternalAPIEngineBridge.004.ref.dll"
-r:"Library/Bee/artifacts/1900b0aE.dag/Unity.InternalAPIEngineBridge.ObjectDispatcher.Runtime.ref.dll"
-r:"Library/Bee/artifacts/1900b0aE.dag/Unity.InternalAPIEngineBridge.RenderPipelines.Core.Editor.ref.dll"
-r:"Library/Bee/artifacts/1900b0aE.dag/Unity.InternalAPIEngineBridge.RenderPipelines.Core.Runtime.Shared.ref.dll"
-r:"Library/Bee/artifacts/1900b0aE.dag/Unity.Mathematics.ref.dll"
-r:"Library/Bee/artifacts/1900b0aE.dag/Unity.PathTracing.Editor.ref.dll"
-r:"Library/Bee/artifacts/1900b0aE.dag/Unity.PathTracing.Runtime.ref.dll"
-r:"Library/Bee/artifacts/1900b0aE.dag/Unity.PlasticSCM.Editor.Assistant.ref.dll"
-r:"Library/Bee/artifacts/1900b0aE.dag/Unity.PlasticSCM.Editor.ref.dll"
-r:"Library/Bee/artifacts/1900b0aE.dag/Unity.Profiling.Core.ref.dll"
-r:"Library/Bee/artifacts/1900b0aE.dag/Unity.Rendering.LightTransport.Editor.ref.dll"
-r:"Library/Bee/artifacts/1900b0aE.dag/Unity.RenderPipeline.Universal.ShaderLibrary.ref.dll"
-r:"Library/Bee/artifacts/1900b0aE.dag/Unity.RenderPipelines.Core.Editor.ref.dll"
-r:"Library/Bee/artifacts/1900b0aE.dag/Unity.RenderPipelines.Core.Editor.Shared.ref.dll"
-r:"Library/Bee/artifacts/1900b0aE.dag/Unity.RenderPipelines.Core.Runtime.ref.dll"
-r:"Library/Bee/artifacts/1900b0aE.dag/Unity.RenderPipelines.Core.Runtime.Shared.ref.dll"
-r:"Library/Bee/artifacts/1900b0aE.dag/Unity.RenderPipelines.Core.ShaderLibrary.ref.dll"
-r:"Library/Bee/artifacts/1900b0aE.dag/Unity.RenderPipelines.GPUDriven.Runtime.ref.dll"
-r:"Library/Bee/artifacts/1900b0aE.dag/Unity.RenderPipelines.ShaderGraph.ShaderGraphLibrary.ref.dll"
-r:"Library/Bee/artifacts/1900b0aE.dag/Unity.RenderPipelines.Universal.2D.Editor.Overrides.ref.dll"
-r:"Library/Bee/artifacts/1900b0aE.dag/Unity.RenderPipelines.Universal.2D.Runtime.ref.dll"
-r:"Library/Bee/artifacts/1900b0aE.dag/Unity.RenderPipelines.Universal.Config.Runtime.ref.dll"
-r:"Library/Bee/artifacts/1900b0aE.dag/Unity.RenderPipelines.Universal.Editor.ref.dll"
-r:"Library/Bee/artifacts/1900b0aE.dag/Unity.RenderPipelines.Universal.Runtime.ref.dll"
-r:"Library/Bee/artifacts/1900b0aE.dag/Unity.RenderPipelines.Universal.Shaders.ref.dll"
-r:"Library/Bee/artifacts/1900b0aE.dag/Unity.Rider.Editor.ref.dll"
-r:"Library/Bee/artifacts/1900b0aE.dag/Unity.Searcher.Editor.ref.dll"
-r:"Library/Bee/artifacts/1900b0aE.dag/Unity.ShaderGraph.Editor.ref.dll"
-r:"Library/Bee/artifacts/1900b0aE.dag/Unity.SurfaceCache.Runtime.ref.dll"
-r:"Library/Bee/artifacts/1900b0aE.dag/Unity.TextMeshPro.Editor.ref.dll"
-r:"Library/Bee/artifacts/1900b0aE.dag/Unity.TextMeshPro.ref.dll"
-r:"Library/Bee/artifacts/1900b0aE.dag/Unity.Timeline.Editor.ref.dll"
-r:"Library/Bee/artifacts/1900b0aE.dag/Unity.Timeline.ref.dll"
-r:"Library/Bee/artifacts/1900b0aE.dag/Unity.UnifiedRayTracing.Runtime.ref.dll"
-r:"Library/Bee/artifacts/1900b0aE.dag/Unity.VisualScripting.Core.Editor.ref.dll"
-r:"Library/Bee/artifacts/1900b0aE.dag/Unity.VisualScripting.Core.ref.dll"
-r:"Library/Bee/artifacts/1900b0aE.dag/Unity.VisualScripting.Flow.Editor.ref.dll"
-r:"Library/Bee/artifacts/1900b0aE.dag/Unity.VisualScripting.Flow.ref.dll"
-r:"Library/Bee/artifacts/1900b0aE.dag/Unity.VisualScripting.SettingsProvider.Editor.ref.dll"
-r:"Library/Bee/artifacts/1900b0aE.dag/Unity.VisualScripting.Shared.Editor.ref.dll"
-r:"Library/Bee/artifacts/1900b0aE.dag/Unity.VisualScripting.State.Editor.ref.dll"
-r:"Library/Bee/artifacts/1900b0aE.dag/Unity.VisualScripting.State.ref.dll"
-r:"Library/Bee/artifacts/1900b0aE.dag/Unity.VisualStudio.Editor.ref.dll"
-r:"Library/Bee/artifacts/1900b0aE.dag/UnityEditor.UI.Analytics.ref.dll"
-r:"Library/Bee/artifacts/1900b0aE.dag/UnityEditor.UI.ref.dll"
-r:"Library/Bee/artifacts/1900b0aE.dag/UnityEngine.UI.ref.dll"
-analyzer:"C:/Program Files/Unity/Hub/Editor/6000.6.0f1/Editor/Data/BCLExtensions/TargetingPacks/netstandard2.1/analyzers/dotnet/roslyn4.0/cs/Microsoft.Extensions.Logging.Generators.dll"
-analyzer:"C:/Program Files/Unity/Hub/Editor/6000.6.0f1/Editor/Data/BCLExtensions/TargetingPacks/netstandard2.1/analyzers/dotnet/roslyn4.0/cs/System.Text.Json.SourceGeneration.dll"
-analyzer:"C:/Program Files/Unity/Hub/Editor/6000.6.0f1/Editor/Data/Tools/BuildPipeline/Unity.Analyzers.Common/Unity.Analyzers.Common.dll"
-analyzer:"C:/Program Files/Unity/Hub/Editor/6000.6.0f1/Editor/Data/Tools/BuildPipeline/Unity.Analyzers.LongLiving/Unity.Analyzers.LongLiving.dll"
-analyzer:"C:/Program Files/Unity/Hub/Editor/6000.6.0f1/Editor/Data/Tools/BuildPipeline/Unity.SourceGenerators/Unity.Properties.SourceGenerator.dll"
-analyzer:"C:/Program Files/Unity/Hub/Editor/6000.6.0f1/Editor/Data/Tools/BuildPipeline/Unity.SourceGenerators/Unity.SourceGenerators.dll"
-analyzer:"C:/Program Files/Unity/Hub/Editor/6000.6.0f1/Editor/Data/Tools/BuildPipeline/Unity.SourceGenerators/Unity.UIToolkit.SourceGenerator.dll"
-analyzer:"Library/PackageCache/com.unity.ai.inference@9a123aee5df7/Runtime/Core/SourceGenerator/SourceGenerators.dll"
-analyzer:"Library/PackageCache/com.unity.dt.app-ui@cd5609b130ce/Runtime/MVVM/SourceGenerators/netstandard2.0/MVVMSourceGenerators.dll"
-analyzer:"Library/PackageCache/com.unity.dt.app-ui@cd5609b130ce/Runtime/SourceGenerators/netstandard2.0/EnumToLowerCase.dll"
"Assets/Juice_UI_Free/Scripts/Animate_Pulse_Free.cs"
"Assets/Juice_UI_Free/Scripts/Animate_Shake_Free.cs"
"Assets/Juice_UI_Free/Scripts/ButtonAnimator_Free.cs"
"Assets/Juice_UI_Free/Scripts/Demo/PanelDemoController.cs"
"Assets/Juice_UI_Free/Scripts/PanelAnimator_Free.cs"
"Assets/Scripts/ButtonScript.cs"
"Assets/Suggo Creations/RETROWAVE SKIES Lite/Readme Assets/Scripts/ReadmeLite.cs"
"Assets/Suggo Creations/RETROWAVE SKIES Lite/Scripts/GetGlobalMatrixLite.cs"
"Assets/TextMesh Pro/Examples & Extras/Scripts/Benchmark01.cs"
"Assets/TextMesh Pro/Examples & Extras/Scripts/Benchmark01_UGUI.cs"
"Assets/TextMesh Pro/Examples & Extras/Scripts/Benchmark02.cs"
"Assets/TextMesh Pro/Examples & Extras/Scripts/Benchmark03.cs"
"Assets/TextMesh Pro/Examples & Extras/Scripts/Benchmark04.cs"
"Assets/TextMesh Pro/Examples & Extras/Scripts/CameraController.cs"
"Assets/TextMesh Pro/Examples & Extras/Scripts/ChatController.cs"
"Assets/TextMesh Pro/Examples & Extras/Scripts/DropdownSample.cs"
"Assets/TextMesh Pro/Examples & Extras/Scripts/EnvMapAnimator.cs"
"Assets/TextMesh Pro/Examples & Extras/Scripts/ObjectSpin.cs"
"Assets/TextMesh Pro/Examples & Extras/Scripts/ShaderPropAnimator.cs"
"Assets/TextMesh Pro/Examples & Extras/Scripts/SimpleScript.cs"
"Assets/TextMesh Pro/Examples & Extras/Scripts/SkewTextExample.cs"
"Assets/TextMesh Pro/Examples & Extras/Scripts/TMP_DigitValidator.cs"
"Assets/TextMesh Pro/Examples & Extras/Scripts/TMP_ExampleScript_01.cs"
"Assets/TextMesh Pro/Examples & Extras/Scripts/TMP_FrameRateCounter.cs"
"Assets/TextMesh Pro/Examples & Extras/Scripts/TMP_PhoneNumberValidator.cs"
"Assets/TextMesh Pro/Examples & Extras/Scripts/TMP_TextEventCheck.cs"
"Assets/TextMesh Pro/Examples & Extras/Scripts/TMP_TextEventHandler.cs"
"Assets/TextMesh Pro/Examples & Extras/Scripts/TMP_TextInfoDebugTool.cs"
"Assets/TextMesh Pro/Examples & Extras/Scripts/TMP_TextSelector_A.cs"
"Assets/TextMesh Pro/Examples & Extras/Scripts/TMP_TextSelector_B.cs"
"Assets/TextMesh Pro/Examples & Extras/Scripts/TMP_UiFrameRateCounter.cs"
"Assets/TextMesh Pro/Examples & Extras/Scripts/TMPro_InstructionOverlay.cs"
"Assets/TextMesh Pro/Examples & Extras/Scripts/TeleType.cs"
"Assets/TextMesh Pro/Examples & Extras/Scripts/TextConsoleSimulator.cs"
"Assets/TextMesh Pro/Examples & Extras/Scripts/TextMeshProFloatingText.cs"
"Assets/TextMesh Pro/Examples & Extras/Scripts/TextMeshSpawner.cs"
"Assets/TextMesh Pro/Examples & Extras/Scripts/VertexColorCycler.cs"
"Assets/TextMesh Pro/Examples & Extras/Scripts/VertexJitter.cs"
"Assets/TextMesh Pro/Examples & Extras/Scripts/VertexShakeA.cs"
"Assets/TextMesh Pro/Examples & Extras/Scripts/VertexShakeB.cs"
"Assets/TextMesh Pro/Examples & Extras/Scripts/VertexZoom.cs"
"Assets/TextMesh Pro/Examples & Extras/Scripts/WarpTextExample.cs"
-langversion:9.0
/deterministic
/optimize+
/debug:portable
/nologo
/RuntimeMetadataVersion:v4.0.30319
/nowarn:0169
/nowarn:0649
/nowarn:0282
/nowarn:1701
/nowarn:1702
/utf8output
/preferreduilang:en-US
/additionalfile:"Library/Bee/artifacts/1900b0aE.dag/Assembly-CSharp.UnityAdditionalFile.txt"
##### Custom Environment Variables
DOTNET_HOST_PATH=C:\Program Files\Unity\Hub\Editor\6000.6.0f1\Editor\Data\DotNetSdk\dotnet.exe
DOTNET_MULTILEVEL_LOOKUP=0
##### ExitCode
1
##### Output
Assets\Juice_UI_Free\Scripts\Animate_Pulse_Free.cs(2,7): error CS0246: The type or namespace name 'DG' could not be found (are you missing a using directive or an assembly reference?)

Assets\Juice_UI_Free\Scripts\Animate_Shake_Free.cs(2,7): error CS0246: The type or namespace name 'DG' could not be found (are you missing a using directive or an assembly reference?)

Assets\Juice_UI_Free\Scripts\ButtonAnimator_Free.cs(4,7): error CS0246: The type or namespace name 'DG' could not be found (are you missing a using directive or an assembly reference?)

Assets\Juice_UI_Free\Scripts\PanelAnimator_Free.cs(3,7): error CS0246: The type or namespace name 'DG' could not be found (are you missing a using directive or an assembly reference?)

Assets\Juice_UI_Free\Scripts\Animate_Pulse_Free.cs(27,16): error CS0246: The type or namespace name 'Ease' could not be found (are you missing a using directive or an assembly reference?)

Assets\Juice_UI_Free\Scripts\Animate_Pulse_Free.cs(34,17): error CS0246: The type or namespace name 'Tween' could not be found (are you missing a using directive or an assembly reference?)

Assets\Juice_UI_Free\Scripts\ButtonAnimator_Free.cs(36,16): error CS0246: The type or namespace name 'Ease' could not be found (are you missing a using directive or an assembly reference?)

Assets\Juice_UI_Free\Scripts\ButtonAnimator_Free.cs(47,16): error CS0246: The type or namespace name 'Ease' could not be found (are you missing a using directive or an assembly reference?)

Assets\Juice_UI_Free\Scripts\ButtonAnimator_Free.cs(72,17): error CS0246: The type or namespace name 'Tween' could not be found (are you missing a using directive or an assembly reference?)

Assets\Juice_UI_Free\Scripts\PanelAnimator_Free.cs(38,16): error CS0246: The type or namespace name 'Ease' could not be found (are you missing a using directive or an assembly reference?)

Assets\Juice_UI_Free\Scripts\PanelAnimator_Free.cs(39,16): error CS0246: The type or namespace name 'Ease' could not be found (are you missing a using directive or an assembly reference?)
*** Tundra build failed (2.42 seconds), 4 items updated, 1607 evaluated
## Script Compilation Error for: Csc Library/Bee/artifacts/1900b0aE.dag/Assembly-CSharp.dll (+2 others)
## CmdLine: "C:\Program Files\Unity\Hub\Editor\6000.6.0f1\Editor\Data\DotNetSdk\dotnet.exe" exec "C:/Program Files/Unity/Hub/Editor/6000.6.0f1/Editor/Data/DotNetSdk/sdk/8.0.318/Roslyn/bincore/csc.dll" /nostdlib /noconfig /shared "@Library/Bee/artifacts/1900b0aE.dag/Assembly-CSharp.rsp" "@Library/Bee/artifacts/1900b0aE.dag/Assembly-CSharp.rsp2"
## Output:
Assets\Juice_UI_Free\Scripts\Animate_Pulse_Free.cs(2,7): error CS0246: The type or namespace name 'DG' could not be found (are you missing a using directive or an assembly reference?)
Assets\Juice_UI_Free\Scripts\Animate_Shake_Free.cs(2,7): error CS0246: The type or namespace name 'DG' could not be found (are you missing a using directive or an assembly reference?)
Assets\Juice_UI_Free\Scripts\ButtonAnimator_Free.cs(4,7): error CS0246: The type or namespace name 'DG' could not be found (are you missing a using directive or an assembly reference?)
Assets\Juice_UI_Free\Scripts\PanelAnimator_Free.cs(3,7): error CS0246: The type or namespace name 'DG' could not be found (are you missing a using directive or an assembly reference?)
Assets\Juice_UI_Free\Scripts\Animate_Pulse_Free.cs(27,16): error CS0246: The type or namespace name 'Ease' could not be found (are you missing a using directive or an assembly reference?)
Assets\Juice_UI_Free\Scripts\Animate_Pulse_Free.cs(34,17): error CS0246: The type or namespace name 'Tween' could not be found (are you missing a using directive or an assembly reference?)
Assets\Juice_UI_Free\Scripts\ButtonAnimator_Free.cs(36,16): error CS0246: The type or namespace name 'Ease' could not be found (are you missing a using directive or an assembly reference?)
Assets\Juice_UI_Free\Scripts\ButtonAnimator_Free.cs(47,16): error CS0246: The type or namespace name 'Ease' could not be found (are you missing a using directive or an assembly reference?)
Assets\Juice_UI_Free\Scripts\ButtonAnimator_Free.cs(72,17): error CS0246: The type or namespace name 'Tween' could not be found (are you missing a using directive or an assembly reference?)
Assets\Juice_UI_Free\Scripts\PanelAnimator_Free.cs(38,16): error CS0246: The type or namespace name 'Ease' could not be found (are you missing a using directive or an assembly reference?)
Assets\Juice_UI_Free\Scripts\PanelAnimator_Free.cs(39,16): error CS0246: The type or namespace name 'Ease' could not be found (are you missing a using directive or an assembly reference?)

Assets\Juice_UI_Free\Scripts\Animate_Pulse_Free.cs(2,7): error CS0246: The type or namespace name 'DG' could not be found (are you missing a using directive or an assembly reference?)
Assets\Juice_UI_Free\Scripts\Animate_Shake_Free.cs(2,7): error CS0246: The type or namespace name 'DG' could not be found (are you missing a using directive or an assembly reference?)
Assets\Juice_UI_Free\Scripts\ButtonAnimator_Free.cs(4,7): error CS0246: The type or namespace name 'DG' could not be found (are you missing a using directive or an assembly reference?)
Assets\Juice_UI_Free\Scripts\PanelAnimator_Free.cs(3,7): error CS0246: The type or namespace name 'DG' could not be found (are you missing a using directive or an assembly reference?)
Assets\Juice_UI_Free\Scripts\Animate_Pulse_Free.cs(27,16): error CS0246: The type or namespace name 'Ease' could not be found (are you missing a using directive or an assembly reference?)
Assets\Juice_UI_Free\Scripts\Animate_Pulse_Free.cs(34,17): error CS0246: The type or namespace name 'Tween' could not be found (are you missing a using directive or an assembly reference?)
Assets\Juice_UI_Free\Scripts\ButtonAnimator_Free.cs(36,16): error CS0246: The type or namespace name 'Ease' could not be found (are you missing a using directive or an assembly reference?)
Assets\Juice_UI_Free\Scripts\ButtonAnimator_Free.cs(47,16): error CS0246: The type or namespace name 'Ease' could not be found (are you missing a using directive or an assembly reference?)
Assets\Juice_UI_Free\Scripts\ButtonAnimator_Free.cs(72,17): error CS0246: The type or namespace name 'Tween' could not be found (are you missing a using directive or an assembly reference?)
Assets\Juice_UI_Free\Scripts\PanelAnimator_Free.cs(38,16): error CS0246: The type or namespace name 'Ease' could not be found (are you missing a using directive or an assembly reference?)
Assets\Juice_UI_Free\Scripts\PanelAnimator_Free.cs(39,16): error CS0246: The type or namespace name 'Ease' could not be found (are you missing a using directive or an assembly reference?)
Importing 'GUID: 67978df98bd90f24186cad6d3085cb94 - Path: Assets/Juice_UI_Free' with importer (DefaultImporter)
Imported 'GUID: 67978df98bd90f24186cad6d3085cb94' -> (Import Result ID: '6bc36011495e436c6cedb81c8581f2c9') in 0.003 seconds [static dependencies only]. Details - ImportResultOutputID=8a85e1911898fe14307bf2646c846d71 DependenciesID=517197a72d97b95b957b12ad6672c233 StaticDependenciesID=a39ec48f6082b2ea20620649842b99ac 
Importing 'GUID: 60eb401ce35d2ac439036d11bc66f8c8 - Path: Assets/Juice_UI_Free/Art' with importer (DefaultImporter)
Imported 'GUID: 60eb401ce35d2ac439036d11bc66f8c8' -> (Import Result ID: '7490cc28dec69a1170014801481b39f7') in 0.003 seconds [static dependencies only]. Details - ImportResultOutputID=a5b50eaa89a5a3123725f068d76ebfed DependenciesID=397075ddfaee9390a45e5845a9deade4 StaticDependenciesID=d208404e5b10f259d1598482740aea3e 
Importing 'GUID: 4486cc3ee28a8b946a7d93965cf69f47 - Path: Assets/Juice_UI_Free/Editor' with importer (DefaultImporter)
Imported 'GUID: 4486cc3ee28a8b946a7d93965cf69f47' -> (Import Result ID: '11f76ee465d1efde204402073a256ec6') in 0.003 seconds [static dependencies only]. Details - ImportResultOutputID=44424c375dd3d2aad62f60052f81f8b2 DependenciesID=82842014b15bdf3989470de079f46ea7 StaticDependenciesID=083f656d616db04070a72c82a2705c57 
Importing 'GUID: 573426e7639761d4294aee0a2208ad56 - Path: Assets/Juice_UI_Free/Documentation' with importer (DefaultImporter)
Imported 'GUID: 573426e7639761d4294aee0a2208ad56' -> (Import Result ID: 'e7fffcd95d2a1e956b8ad32f51ed869d') in 0.002 seconds [static dependencies only]. Details - ImportResultOutputID=4b20c7eb28f5e89a6f7ac6f5f01d9c7d DependenciesID=e17aee4d628862dfcb652edcc54c35fe StaticDependenciesID=6b81b52105fd34e385668ed9826fb0a7 
Importing 'GUID: 69a2b133da08afd409bcff152cb051fa - Path: Assets/Juice_UI_Free/Scenes' with importer (DefaultImporter)
Imported 'GUID: 69a2b133da08afd409bcff152cb051fa' -> (Import Result ID: 'ffc3f1b3f8427a1e0e9a588f8fff5d1d') in 0.003 seconds [static dependencies only]. Details - ImportResultOutputID=c42cc8be320b2b0d6b6817ef858712f5 DependenciesID=8f8c8c910dd853683afe2ba5a9450c92 StaticDependenciesID=97b5e8fec27b6f7c7e350b51be5a02c8 
Importing 'GUID: 8aeddf33e72f98547ada4395eb1d4997 - Path: Assets/Juice_UI_Free/SFX' with importer (DefaultImporter)
Imported 'GUID: 8aeddf33e72f98547ada4395eb1d4997' -> (Import Result ID: '68733a0e78dd7aefa1feb5181fe106c0') in 0.003 seconds [static dependencies only]. Details - ImportResultOutputID=374230d99dafebf1e19ccad9fe2d5bee DependenciesID=9b35933545f966e20c347366c030fbf4 StaticDependenciesID=2feaa8254eabe3b81f714799726370dd 
Importing 'GUID: 4e39b867c8f5bb941910e38190d3854f - Path: Assets/Juice_UI_Free/Scripts' with importer (DefaultImporter)
Imported 'GUID: 4e39b867c8f5bb941910e38190d3854f' -> (Import Result ID: 'dddb16110e4af9ef0ecf5908fc43ac6c') in 0.003 seconds [static dependencies only]. Details - ImportResultOutputID=5d5a0df7c14d75cbd3819c492ba1a2e5 DependenciesID=6060a81497491fd3f515fdbbb027ffc3 StaticDependenciesID=0ec030d9b24b3ce2909329f0e308e769 
Importing 'GUID: 7e9912e1dc7ed3c4d9179bef2c99a170 - Path: Assets/Juice_UI_Free/Font' with importer (DefaultImporter)
Imported 'GUID: 7e9912e1dc7ed3c4d9179bef2c99a170' -> (Import Result ID: 'a0145a75dcbdd736b3adfc4fcf9378b3') in 0.003 seconds [static dependencies only]. Details - ImportResultOutputID=1541788bae970c2980e171fa105d8282 DependenciesID=de26f05f55ea2832c96be2109ef370c9 StaticDependenciesID=15d9116901c7528bbb846f72f0f9bf15 
Importing 'GUID: 57b47d610bebe46428d582eb843d7847 - Path: Assets/Juice_UI_Free/Scripts/Demo' with importer (DefaultImporter)
Imported 'GUID: 57b47d610bebe46428d582eb843d7847' -> (Import Result ID: 'e571f0df7c49faeab32695e4b8e8c54a') in 0.003 seconds [static dependencies only]. Details - ImportResultOutputID=a2b1fb8c06664f877d3196c5c6cd95d9 DependenciesID=9bf2f713f56af9915b6fc693d019107d StaticDependenciesID=205f82454bf70a8bacda08fe8d4b32c4 
Importing 'GUID: 23459365a38ef1a4dbe73d32a455608e - Path: Assets/Juice_UI_Free/Scenes/Buttons_Demo.unity' with importer (DefaultImporter)
Imported 'GUID: 23459365a38ef1a4dbe73d32a455608e' -> (Import Result ID: 'f3de316b63a0b59847e706aad6b9db13') in 0.004 seconds [static dependencies only]. Details - ImportResultOutputID=bc28942518bc55b5c7109babed2b3bcc DependenciesID=bf48aa03187bc3445bdb47f1d485b821 StaticDependenciesID=7d4c2c45e2a27e334336e01fc461008f 
Importing 'GUID: 781d53926c02bf34981ebb18e6f20623 - Path: Assets/Juice_UI_Free/Scenes/Panel Animation_DEMO.unity' with importer (DefaultImporter)
Imported 'GUID: 781d53926c02bf34981ebb18e6f20623' -> (Import Result ID: '9b7049bf8e343ed72510639ed1990e13') in 0.004 seconds [static dependencies only]. Details - ImportResultOutputID=94e0ddd0f8a642e89fe64dacc8592089 DependenciesID=1a0313174f15666fa9d7b27c9505a3c5 StaticDependenciesID=2e300890f6d0bcb1ea692fa61ea25f0a 
Importing 'GUID: c5979f64d319f4f4ba828e4964d96afb - Path: Assets/Juice_UI_Free/Art/Logo_Transparent.png' with importer (TextureImporter)
Imported 'GUID: c5979f64d319f4f4ba828e4964d96afb' -> (Import Result ID: '499afbe2c4f0de2ccd72a2185d889535') in 0.071 seconds [static and dynamic dependencies]. Details - ImportResultOutputID=9e7cf4e6e08e1e1e96ffe1d830049f56 DependenciesID=5945f4702ae8ca29a22e19d51645e9cc StaticDependenciesID=b0f82a4579268139a5381f09f981fa41 
Importing 'GUID: c81e5bca5eff78345a894e780bb1d622 - Path: Assets/Juice_UI_Free/Art/GUI2K.png' with importer (TextureImporter)
Imported 'GUID: c81e5bca5eff78345a894e780bb1d622' -> (Import Result ID: '9cfb0a63e91cd623fffae36dc1c9f0fa') in 0.319 seconds [static and dynamic dependencies]. Details - ImportResultOutputID=46482454ee4e2c037fb4385b2eb9bcff DependenciesID=07c757deb3ffc61b2261a0c4e8a1220e StaticDependenciesID=31eae48bc4efe8463555fd5fb5f40b07 
Importing 'GUID: c57b9d15f837a3c4f905243843be82b4 - Path: Assets/Juice_UI_Free/Font/LilitaOne-Regular.ttf' with importer (TrueTypeFontImporter)
Imported 'GUID: c57b9d15f837a3c4f905243843be82b4' -> (Import Result ID: 'b03a9a96e0280d38ceda1b5f1d4b9842') in 0.014 seconds [static and dynamic dependencies]. Details - ImportResultOutputID=1ec36c966770a58a5eb7f060c65d2e43 DependenciesID=b75055339be9e4eb0a809c8949f10577 StaticDependenciesID=90c944be41d5480119412daeb1e57f48 
Importing 'GUID: 567d38dc9b6fa554ebb79980c7167029 - Path: Assets/Juice_UI_Free/Font/PassionOne-Black.ttf' with importer (TrueTypeFontImporter)
Imported 'GUID: 567d38dc9b6fa554ebb79980c7167029' -> (Import Result ID: '93c783581be352152ab148d6065b9395') in 0.007 seconds [static and dynamic dependencies]. Details - ImportResultOutputID=318842a18804f19594dde75a701b046b DependenciesID=0058a84d55b2642ed957e1e5c80c0909 StaticDependenciesID=a347bfa16fde2d7773ea0993b5063398 
Importing 'GUID: f74b147e45b69c9438da7c5412bd43fa - Path: Assets/Juice_UI_Free/Font/PassionOne-Bold.ttf' with importer (TrueTypeFontImporter)
Imported 'GUID: f74b147e45b69c9438da7c5412bd43fa' -> (Import Result ID: 'a460c3d5cd3a5cd48e32e7d09008237c') in 0.007 seconds [static and dynamic dependencies]. Details - ImportResultOutputID=896574eb280378c0de795df8b8703a76 DependenciesID=238182e23253a2c3d976c0d0346040e1 StaticDependenciesID=c2cfac78478c677b756a1b14a8835e9b 
Importing 'GUID: 4a76ce0aa4b7710418b3e4a004096186 - Path: Assets/Juice_UI_Free/Font/LilitaOne-Regular SDF.asset' with importer (NativeFormatImporter)
Imported 'GUID: 4a76ce0aa4b7710418b3e4a004096186' -> (Import Result ID: 'f88509225c77553d820acd68e2c05bae') in 0.013 seconds [static dependencies only]. Details - ImportResultOutputID=eb906117caf41460bf3b9ad06f8f0f37 DependenciesID=c770692441a03a7b20bcf340d4fa2137 StaticDependenciesID=7ca7ef99fa5605dc75a95cb7e38328ec 
Importing 'GUID: 3ddb9d1b4d8cab747886957c91e20fae - Path: Assets/Juice_UI_Free/Font/PassionOne-Black SDF.asset' with importer (NativeFormatImporter)
Imported 'GUID: 3ddb9d1b4d8cab747886957c91e20fae' -> (Import Result ID: 'c15b3d9a7d02bed03ac65c9edabf3577') in 0.013 seconds [static dependencies only]. Details - ImportResultOutputID=d378a3b683e02fad06a75f9a7d211eba DependenciesID=013906a7cac55c74b92f27e9e35b4487 StaticDependenciesID=dc8046c6c3b50d67779fae00ad973f87 
Importing 'GUID: 6f7f7d40cc06c1d41bced8b1f3e6f471 - Path: Assets/Juice_UI_Free/Font/PassionOne-Bold SDF.asset' with importer (NativeFormatImporter)
Imported 'GUID: 6f7f7d40cc06c1d41bced8b1f3e6f471' -> (Import Result ID: '547eb6919f9eaad50c76aefa44dfdc83') in 0.013 seconds [static dependencies only]. Details - ImportResultOutputID=bbf9a4defcae2855df3b721a536ee331 DependenciesID=1647976cda20f6865b3ab6a8ce8c2417 StaticDependenciesID=8eaa3e04cf66094829d7e8f68ab8b5d2 
Importing 'GUID: 90e03c8a996eb6c48a40eb9ce698f386 - Path: Assets/Juice_UI_Free/Documentation/readme.txt' with importer (TextScriptImporter)
Imported 'GUID: 90e03c8a996eb6c48a40eb9ce698f386' -> (Import Result ID: '1d28469a92ea51963ed101a2b5469a38') in 0.005 seconds [static dependencies only]. Details - ImportResultOutputID=b2aa3277b30497dfccf9cbebaf4c6f8a DependenciesID=c1a343fd8cc777b7f1f9712fa48c6f3c StaticDependenciesID=cf3d928aa0db54242eb3f215891d1bb1 
Importing 'GUID: 791e86b8df1473c4fb0871b1cb4dc161 - Path: Assets/Juice_UI_Free/Third-Party Notices.txt' with importer (TextScriptImporter)
Imported 'GUID: 791e86b8df1473c4fb0871b1cb4dc161' -> (Import Result ID: '8dcfeee6c9c47d1bf04231b98533735c') in 0.007 seconds [static dependencies only]. Details - ImportResultOutputID=19fb92e8768ca5ca833d6ab57f3888d5 DependenciesID=52c7d9a61b0ff23c970b343e57b57795 StaticDependenciesID=3c0493e1031d3392c13ef2dd22ae684a 
Importing 'GUID: d3a377f4f07eab74fa8742f9de6110b9 - Path: Assets/Juice_UI_Free/SFX/click3.wav' with importer (AudioImporter)
Imported 'GUID: d3a377f4f07eab74fa8742f9de6110b9' -> (Import Result ID: '567955b007ec79062b84998eb36cb950') in 0.611 seconds [static and dynamic dependencies]. Details - ImportResultOutputID=4843d26eca019f95f604e5d2a7968b1f DependenciesID=6e39cd34ebce7531b41a2468a8c14b25 StaticDependenciesID=870aa06aa833b320c4f1a1ac838a7baa 
Importing 'GUID: b7604f3478a13d04da2d58fdcca311e6 - Path: Assets/Juice_UI_Free/SFX/click1.wav' with importer (AudioImporter)
Imported 'GUID: b7604f3478a13d04da2d58fdcca311e6' -> (Import Result ID: '19ef6fbcff33571a19d34fc151dd8cf7') in 0.134 seconds [static and dynamic dependencies]. Details - ImportResultOutputID=a341c634bb2e59694688f0a643c82a7c DependenciesID=c475c1191878471abe9163c4474d7ede StaticDependenciesID=a12d5064a7d6fedf891b3649362a5675 
Importing 'GUID: 18f414a4a6f56dc4f89228120b08c1e0 - Path: Assets/Juice_UI_Free/SFX/click2.wav' with importer (AudioImporter)
Imported 'GUID: 18f414a4a6f56dc4f89228120b08c1e0' -> (Import Result ID: '4f71d348ec01e8d844f22b951df9672a') in 0.143 seconds [static and dynamic dependencies]. Details - ImportResultOutputID=5d4f9b52d136c5126a3892682ee99693 DependenciesID=63231924fb04efefa717ef1cd9f2c279 StaticDependenciesID=0acccb20cefb383fe5e8128bcba99704 
Total cache size 267431344
Total cache size after purge 267431344, took 00:00:02.3673992
Refreshing native plugins compatible for Editor in 11.11 ms, found 5 plugins.

Asset Pipeline Refresh (id=aec6dc78c399ca041815acd4efed1569): Total: 18.334 seconds - Initiated by RefreshV2(ForceSynchronousImport)
	(Values over 0.05ms)
	Summary:
		Imports: total=24 (actual=24, local cache=0, cache server=0)
		Asset DB Process Time: managed=17 ms, native=1859 ms
		Asset DB Callback time: managed=905 ms, native=30 ms
		Scripting: domain reloads=0, domain reload time=0 ms, compile time=15521 ms, other=0 ms
		Project Asset Count: scripts=2197, non-scripts=5523
		Asset File Changes: new=30, changed=30, moved=0, deleted=0
		Scan Filter Count: 0
	InvokePackagesCallback: 5.764ms
	ApplyChangesToAssetFolders: 0.419ms
	Scan: 85.577ms
	Collect global state as custom dependencies: 3.587ms
	OnSourceAssetsModified: 0.426ms
	CategorizeScriptCompilationAssets: 0.213ms
	ProcessAssetsWithTransientArtifactChanges: 0.977ms
	CategorizeAssets: 107.356ms
	CompileScripts: 15521.339ms
	ImportOutOfDateAssets: 1475.037ms (0.937ms without children)
		ImportManagerImport: 1469.340ms (5.834ms without children)
			UpdateCategorizedAssets: 0.834ms
		ReloadNativeAssets: 0.130ms
		UnloadImportedAssets: 0.475ms
		EnsureUptoDateAssetsAreRegisteredWithGuidPM: 2.811ms
		ImportSchedulerStart: 1.325ms
	PostProcessAllAssets: 893.133ms
		VersionControlSettings.HiddenFilePostprocess 7.215ms
		XRBuildSystem.XRAssetImported 3.376ms
		ShaderAssetModifiedCallback 0.533ms
		PostProcessCallbackCreateDeferredMaterials 0.402ms
		PostprocessAssetsUpdateCachedIcon 0.373ms
		ComputeShaderImportPostprocess 0.180ms
		RaytracingShaderImportPostprocess 0.148ms
		LocalizationDatabase.AssetDatabasePostprocessCallback 0.111ms
		SpeedTreeImporter.PostprocessAllAssets 0.110ms
		BlockShaderImporter.PostprocessAllAssets 0.088ms
		AssemblyValidation.PostprocessAllAssets 0.085ms
		MonoPostProcessAllAssets: 875.951ms
			SyncVS.PostprocessSyncProject 766.005ms
			SpriteSlicePostprocessor.OnPostprocessAllAssets 46.498ms
			TMPro_TexturePostProcessor.OnPostprocessAllAssets 31.177ms
			AssetPostprocessor.OnPostprocessAllAssets 13.275ms
			ShaderGraphAssetPostProcessor.OnPostprocessAllAssets 4.749ms
			ConfigAssetsTracker.OnPostprocessAllAssets 2.069ms
			TextAssetPostProcessor.OnPostprocessAllAssets 1.825ms
			AssetChangedListener.OnPostprocessAllAssets 1.605ms
			PostProcessor.OnPostprocessAllAssets 0.768ms
			RenderPipelineGlobalSettingsPostprocessor.OnPostprocessAllAssets 0.508ms
			SpriteEditorTexturePostprocessor.OnPostprocessAllAssets 0.449ms
			ModelAssetProcessor.OnPostprocessAllAssets 0.433ms
			InputActionAssetPostprocessor.OnPostprocessAllAssets 0.376ms
			MaterialPostprocessor.OnPostprocessAllAssets 0.355ms
			InputActionJsonNameModifierAssetProcessor.OnPostprocessAllAssets 0.352ms
			AssetReferenceReimportMonitor.OnPostprocessAllAssets 0.332ms
			GraphRefreshPostprocessor.OnPostprocessAllAssets 0.272ms
			SkillsProjectAssetPostprocessor.OnPostprocessAllAssets 0.098ms
			SpeedTree9Postprocessor.OnPostprocessAllAssets 0.095ms
	PostAssetChangesProfiler: 41.537ms
	GatherAllCurrentPrimaryImportResultRevisions: 0.896ms
	UnloadStreamsBegin: 3.225ms
	PersistCurrentRevisions: 1.915ms
	Untracked: 192.338ms

Asset Pipeline Refresh (id=2f4d84f59d88b894191c8f9db3ad9446): Total: 0.012 seconds - Initiated by RefreshV2(ForceSynchronousImport)
[Licensing::Client] Error: Code 404 while processing request (status: Found 0 entitlement groups and 0 free entitlements matching requested entitlement ids)
Starting new worker id: 2 with log in C:/Users/nadia/Documents/GitHub/KioskProject/KioskProject/Logs/AssetImportWorkerHW2.log
[Worker0] Imported GUID: 4e39b867c8f5bb941910e38190d3854f - Path: Assets/Juice_UI_Free/Scripts - Importer: ScriptedImporter/UnityEditor.QuickSearchModule:UnityEditor.Search:ASIAI0B -> (ImportResultId: '9f25ef4cde692e91c7602cf7a24f2c61') in 0.1605321 seconds
[Worker0] Imported GUID: 3ddb9d1b4d8cab747886957c91e20fae - Path: Assets/Juice_UI_Free/Font/PassionOne-Black SDF.asset - Importer: ScriptedImporter/UnityEditor.QuickSearchModule:UnityEditor.Search:ASIAI0B -> (ImportResultId: '92fb1fc00fee9d7b7fafa740af05408e') in 0.1798589 seconds
[Worker0] Imported GUID: 0d21bd5ec71f6714899e63590e476796 - Path: Assets/Juice_UI_Free/Scripts/Animate_Pulse_Free.cs - Importer: ScriptedImporter/UnityEditor.QuickSearchModule:UnityEditor.Search:ASIAI0B -> (ImportResultId: 'd75f693e5538e73e5bd89e77845cf91f') in 0.0965634 seconds
[Worker0] Imported GUID: 567d38dc9b6fa554ebb79980c7167029 - Path: Assets/Juice_UI_Free/Font/PassionOne-Black.ttf - Importer: ScriptedImporter/UnityEditor.QuickSearchModule:UnityEditor.Search:ASIAI0B -> (ImportResultId: 'f95990dd5e1b4e06be042b4113c0a471') in 0.1118154 seconds
[Worker0] Imported GUID: 60eb401ce35d2ac439036d11bc66f8c8 - Path: Assets/Juice_UI_Free/Art - Importer: ScriptedImporter/UnityEditor.QuickSearchModule:UnityEditor.Search:ASIAI0B -> (ImportResultId: '8e9646074f99a74163efb89109e38de1') in 0.094124 seconds
[Worker0] Imported GUID: 4486cc3ee28a8b946a7d93965cf69f47 - Path: Assets/Juice_UI_Free/Editor - Importer: ScriptedImporter/UnityEditor.QuickSearchModule:UnityEditor.Search:ASIAI0B -> (ImportResultId: '8005c76ef5bf4d1e22af1a5350e745ee') in 0.1021068 seconds
[Worker0] Imported GUID: 781d53926c02bf34981ebb18e6f20623 - Path: Assets/Juice_UI_Free/Scenes/Panel Animation_DEMO.unity - Importer: ScriptedImporter/UnityEditor.QuickSearchModule:UnityEditor.Search:ASIAI0B -> (ImportResultId: '533968f6413803216bd455797d98d087') in 0.1011663 seconds
[Worker0] Imported GUID: 90e03c8a996eb6c48a40eb9ce698f386 - Path: Assets/Juice_UI_Free/Documentation/readme.txt - Importer: ScriptedImporter/UnityEditor.QuickSearchModule:UnityEditor.Search:ASIAI0B -> (ImportResultId: 'e0255e26de973bedd42a5d08e2a47587') in 0.0815763 seconds
[Worker0] Imported GUID: d3a377f4f07eab74fa8742f9de6110b9 - Path: Assets/Juice_UI_Free/SFX/click3.wav - Importer: ScriptedImporter/UnityEditor.QuickSearchModule:UnityEditor.Search:ASIAI0B -> (ImportResultId: '9ec6efb9b240bbf645e0cc3955cc7e8c') in 0.0887513 seconds
[Worker0] Imported GUID: 8ea88ae0018591542b4329a3c0c57a6a - Path: Assets/Juice_UI_Free/Scripts/ButtonAnimator_Free.cs - Importer: ScriptedImporter/UnityEditor.QuickSearchModule:UnityEditor.Search:ASIAI0B -> (ImportResultId: '67e3825803e17e625d2546761b99eea1') in 0.053445 seconds
[Worker0] Imported GUID: 4291d51050243604fb0f84754374569c - Path: Assets/Juice_UI_Free/Scripts/PanelAnimator_Free.cs - Importer: ScriptedImporter/UnityEditor.QuickSearchModule:UnityEditor.Search:ASIAI0B -> (ImportResultId: 'd62610add2a8403ae720ae17c3261dfe') in 0.0682023 seconds
[Worker0] Imported GUID: 2f55c19f8dcda9948a5a45386021723f - Path: Assets/Juice_UI_Free/Scripts/Animate_Shake_Free.cs - Importer: ScriptedImporter/UnityEditor.QuickSearchModule:UnityEditor.Search:ASIAI0B -> (ImportResultId: '6d6e3a8207000b15e972da3c05d7b94b') in 0.0691301 seconds
[Worker0] Imported GUID: fb3c4e79e96c8b34381cee365b5538a0 - Path: Assets/Juice_UI_Free/Scripts/Demo/PanelDemoController.cs - Importer: ScriptedImporter/UnityEditor.QuickSearchModule:UnityEditor.Search:ASIAI0B -> (ImportResultId: 'a646400ebf104705dc63403506f649b4') in 0.0567388 seconds
[Worker0] Imported GUID: 4a76ce0aa4b7710418b3e4a004096186 - Path: Assets/Juice_UI_Free/Font/LilitaOne-Regular SDF.asset - Importer: ScriptedImporter/UnityEditor.QuickSearchModule:UnityEditor.Search:ASIAI0B -> (ImportResultId: '59973346770fb502bf9424d156700482') in 0.1243948 seconds
[Worker0] Imported GUID: c5979f64d319f4f4ba828e4964d96afb - Path: Assets/Juice_UI_Free/Art/Logo_Transparent.png - Importer: ScriptedImporter/UnityEditor.QuickSearchModule:UnityEditor.Search:ASIAI0B -> (ImportResultId: 'fee71645a0f6ebdbe2212a14f2a633ed') in 0.1886628 seconds
[Worker0] Imported GUID: 67978df98bd90f24186cad6d3085cb94 - Path: Assets/Juice_UI_Free - Importer: ScriptedImporter/UnityEditor.QuickSearchModule:UnityEditor.Search:ASIAI0B -> (ImportResultId: '5438197664874b51d2523c3534ba9ab6') in 0.0500066 seconds
[Worker0] Imported GUID: 791e86b8df1473c4fb0871b1cb4dc161 - Path: Assets/Juice_UI_Free/Third-Party Notices.txt - Importer: ScriptedImporter/UnityEditor.QuickSearchModule:UnityEditor.Search:ASIAI0B -> (ImportResultId: '9201021929fb3f5f732f80a0796cf391') in 0.0810128 seconds
[Worker0] Imported GUID: 23459365a38ef1a4dbe73d32a455608e - Path: Assets/Juice_UI_Free/Scenes/Buttons_Demo.unity - Importer: ScriptedImporter/UnityEditor.QuickSearchModule:UnityEditor.Search:ASIAI0B -> (ImportResultId: '30d558eb4715aec27f4e8ce2ca5c48c9') in 0.0669064 seconds
[Worker0] Imported GUID: 7e9912e1dc7ed3c4d9179bef2c99a170 - Path: Assets/Juice_UI_Free/Font - Importer: ScriptedImporter/UnityEditor.QuickSearchModule:UnityEditor.Search:ASIAI0B -> (ImportResultId: '28333c98b99d479ff53f96545ce9165f') in 0.0496931 seconds
[Worker0] Imported GUID: 6f7f7d40cc06c1d41bced8b1f3e6f471 - Path: Assets/Juice_UI_Free/Font/PassionOne-Bold SDF.asset - Importer: ScriptedImporter/UnityEditor.QuickSearchModule:UnityEditor.Search:ASIAI0B -> (ImportResultId: '384aa5a0006ccdd07f7deab80e5b8e36') in 0.1515507 seconds
[Worker0] Imported GUID: 57b47d610bebe46428d582eb843d7847 - Path: Assets/Juice_UI_Free/Scripts/Demo - Importer: ScriptedImporter/UnityEditor.QuickSearchModule:UnityEditor.Search:ASIAI0B -> (ImportResultId: 'db7829c37d483959e153a1456a85cc73') in 0.2124488 seconds
[Worker0] Imported GUID: 69a2b133da08afd409bcff152cb051fa - Path: Assets/Juice_UI_Free/Scenes - Importer: ScriptedImporter/UnityEditor.QuickSearchModule:UnityEditor.Search:ASIAI0B -> (ImportResultId: 'a53b08b10ed8ffdba48106ffd5bd375e') in 0.1117325 seconds
[Worker0] Imported GUID: c57b9d15f837a3c4f905243843be82b4 - Path: Assets/Juice_UI_Free/Font/LilitaOne-Regular.ttf - Importer: ScriptedImporter/UnityEditor.QuickSearchModule:UnityEditor.Search:ASIAI0B -> (ImportResultId: 'f2c6f046d0335173437e8c75a4cef519') in 0.0743289 seconds
[Worker0] Imported GUID: f74b147e45b69c9438da7c5412bd43fa - Path: Assets/Juice_UI_Free/Font/PassionOne-Bold.ttf - Importer: ScriptedImporter/UnityEditor.QuickSearchModule:UnityEditor.Search:ASIAI0B -> (ImportResultId: '191128de1e49dcd989c77d5a55ee42e3') in 0.0779703 seconds
[Worker0] Imported GUID: 8aeddf33e72f98547ada4395eb1d4997 - Path: Assets/Juice_UI_Free/SFX - Importer: ScriptedImporter/UnityEditor.QuickSearchModule:UnityEditor.Search:ASIAI0B -> (ImportResultId: 'c7f7735a0d4685664396d70c8ab600d2') in 0.0763466 seconds
[Worker0] Imported GUID: b7604f3478a13d04da2d58fdcca311e6 - Path: Assets/Juice_UI_Free/SFX/click1.wav - Importer: ScriptedImporter/UnityEditor.QuickSearchModule:UnityEditor.Search:ASIAI0B -> (ImportResultId: '2e4270ff79536654f4228e98273e01af') in 0.0671795 seconds
[Worker0] Imported GUID: 573426e7639761d4294aee0a2208ad56 - Path: Assets/Juice_UI_Free/Documentation - Importer: ScriptedImporter/UnityEditor.QuickSearchModule:UnityEditor.Search:ASIAI0B -> (ImportResultId: 'cbfd13bc97859174aca8ce060d1717b5') in 0.0712222 seconds
[Worker0] Imported GUID: 18f414a4a6f56dc4f89228120b08c1e0 - Path: Assets/Juice_UI_Free/SFX/click2.wav - Importer: ScriptedImporter/UnityEditor.QuickSearchModule:UnityEditor.Search:ASIAI0B -> (ImportResultId: '3f0b066abbf47a3f35f3050ad25fa474') in 0.0684355 seconds
[Worker0] Imported GUID: c81e5bca5eff78345a894e780bb1d622 - Path: Assets/Juice_UI_Free/Art/GUI2K.png - Importer: ScriptedImporter/UnityEditor.QuickSearchModule:UnityEditor.Search:ASIAI0B -> (ImportResultId: 'f220eb585920678a129a4cdb006deb6f') in 0.1784821 seconds
[Worker0] Imported GUID: 23396147e4516bf45a9561af1d48e4c8 - Path: Assets/Juice_UI_Free/Editor/JuiceUI_Free_EditorWindow.cs - Importer: ScriptedImporter/UnityEditor.QuickSearchModule:UnityEditor.Search:ASIAI0B -> (ImportResultId: '954f428626a2e9b52cfc9d926529337c') in 0.0739102 seconds
Worker ready: AssetImportWorkerHW2 2
[Worker2] Imported GUID: 60eb401ce35d2ac439036d11bc66f8c8 - Path: Assets/Juice_UI_Free/Art - Importer: PreviewImporter -> (ImportResultId: '3e94235312f8494b0731954ee41694c5') in 0.0502838 seconds
Request Asset Garbage Collect because used heap size increased from 0.54 GB to 0.79 GB, exceeding the threshold of 256.0 MB.
Unloading 40 Unused Serialized files (Serialized files now loaded: 0)
Unloading 160 unused Assets / (16.9 MB). Loaded Objects now: 12761.
Memory consumption went from 0.78 GB to 0.77 GB.
Total: 66.731900 ms (FindLiveObjects: 2.207400 ms CreateObjectMapping: 0.817000 ms MarkObjects: 51.169900 ms  DeleteObjects: 11.664600 ms)

[Worker0] Imported GUID: c5979f64d319f4f4ba828e4964d96afb - Path: Assets/Juice_UI_Free/Art/Logo_Transparent.png - Importer: PreviewImporter -> (ImportResultId: '7a4233d7d8b0936da710636b69487044') in 0.2415992 seconds
[Worker2] Imported GUID: c81e5bca5eff78345a894e780bb1d622 - Path: Assets/Juice_UI_Free/Art/GUI2K.png - Importer: PreviewImporter -> (ImportResultId: '8cf91aea4b955e9dd703db647cedfbe8') in 0.5751456 seconds
[Worker2] Imported GUID: 69a2b133da08afd409bcff152cb051fa - Path: Assets/Juice_UI_Free/Scenes - Importer: PreviewImporter -> (ImportResultId: 'e4fcf6c6f3484bf137e6874653af12e7') in 0.0373705 seconds
[Worker2] Imported GUID: 23459365a38ef1a4dbe73d32a455608e - Path: Assets/Juice_UI_Free/Scenes/Buttons_Demo.unity - Importer: PreviewImporter -> (ImportResultId: '2fbe09a1f0090dc52adeac0906c573db') in 0.0393478 seconds
Opening scene 'Assets/Juice_UI_Free/Scenes/Buttons_Demo.unity'
Unloading 14 Unused Serialized files (Serialized files now loaded: 0)
Loaded scene 'Assets/Juice_UI_Free/Scenes/Buttons_Demo.unity'
	Deserialize:            11.939 ms
	Integration:            56.839 ms
	Integration of assets:  0.468 ms
	Thread Wait Time:       0.068 ms
	Total Operation Time:   69.313 ms
Unloading 9 unused Assets / (1.4 MB). Loaded Objects now: 12828.
Memory consumption went from 0.76 GB to 0.76 GB.
Total: 53.885400 ms (FindLiveObjects: 1.694800 ms CreateObjectMapping: 1.453500 ms MarkObjects: 49.782200 ms  DeleteObjects: 0.189300 ms)

Launched and connected shader compiler UnityShaderCompiler.exe after 0.04 seconds
Launched and connected shader compiler UnityShaderCompiler.exe after 0.03 seconds
Opening scene 'Assets/Scenes/MainMenu.unity'
Unloading 13 Unused Serialized files (Serialized files now loaded: 0)
Loaded scene 'Assets/Scenes/MainMenu.unity'
	Deserialize:            33.322 ms
	Integration:            70.145 ms
	Integration of assets:  5.006 ms
	Thread Wait Time:       0.092 ms
	Total Operation Time:   108.564 ms
Unloading 9 unused Assets / (1.2 MB). Loaded Objects now: 12813.
Memory consumption went from 0.77 GB to 0.77 GB.
Total: 52.605900 ms (FindLiveObjects: 1.746800 ms CreateObjectMapping: 0.788400 ms MarkObjects: 49.054500 ms  DeleteObjects: 0.217400 ms)

[Worker2] Imported GUID: 17c350171f7a3ca479f830547c66d187 - Path: Assets/TextMesh Pro/Examples & Extras/Textures/Sunny Days - Seamless.jpg - Importer: PreviewImporter -> (ImportResultId: 'b425aac177746d2ed7c292122a7f7ee4') in 0.0925223 seconds
[Worker0] Imported GUID: 1cdc5b506b1a4a33a53c30669ced1f51 - Path: Assets/TextMesh Pro/Examples & Extras/Textures/Fruit Jelly (B&W).jpg - Importer: PreviewImporter -> (ImportResultId: 'd2c677ad791347dd4573e8b8926f8f69') in 0.0591284 seconds
Starting new worker id: 3 with log in C:/Users/nadia/Documents/GitHub/KioskProject/KioskProject/Logs/AssetImportWorkerHW3.log
[Worker2] Imported GUID: c57b9d15f837a3c4f905243843be82b4 - Path: Assets/Juice_UI_Free/Font/LilitaOne-Regular.ttf - Importer: PreviewImporter -> (ImportResultId: '1966ebb3ffb8c07892cb10f81a443006') in 1.1038612 seconds
[Worker2] Imported GUID: 567d38dc9b6fa554ebb79980c7167029 - Path: Assets/Juice_UI_Free/Font/PassionOne-Black.ttf - Importer: PreviewImporter -> (ImportResultId: '31376797ea842cb62cd987bdfcb90c8d') in 0.0502238 seconds
[Worker0] Imported GUID: 4a76ce0aa4b7710418b3e4a004096186 - Path: Assets/Juice_UI_Free/Font/LilitaOne-Regular SDF.asset - Importer: PreviewImporter -> (ImportResultId: '43aea534b03afca27bb1b74521cd1462') in 1.2269063 seconds
[Worker2] Imported GUID: 3ddb9d1b4d8cab747886957c91e20fae - Path: Assets/Juice_UI_Free/Font/PassionOne-Black SDF.asset - Importer: PreviewImporter -> (ImportResultId: 'f6f21d0733e288745ab789bb1bd9eaf4') in 0.1115359 seconds
[Worker2] Imported GUID: f74b147e45b69c9438da7c5412bd43fa - Path: Assets/Juice_UI_Free/Font/PassionOne-Bold.ttf - Importer: PreviewImporter -> (ImportResultId: '485b330a6ffa82edce3bc04e695f3b85') in 0.0552144 seconds
[Worker0] Imported GUID: b7604f3478a13d04da2d58fdcca311e6 - Path: Assets/Juice_UI_Free/SFX/click1.wav - Importer: PreviewImporter -> (ImportResultId: '06ddf7849bb8a1a75f64d8ab2eacdea8') in 0.1613862 seconds
[Worker0] Imported GUID: d3a377f4f07eab74fa8742f9de6110b9 - Path: Assets/Juice_UI_Free/SFX/click3.wav - Importer: PreviewImporter -> (ImportResultId: '6937a6f4e1cdac4729f980e0a5a551c3') in 0.0446415 seconds
[Worker0] Imported GUID: 18f414a4a6f56dc4f89228120b08c1e0 - Path: Assets/Juice_UI_Free/SFX/click2.wav - Importer: PreviewImporter -> (ImportResultId: '2d1fb749c63bd432b96c4f499919e6c7') in 0.0378859 seconds
[Worker2] Imported GUID: 6f7f7d40cc06c1d41bced8b1f3e6f471 - Path: Assets/Juice_UI_Free/Font/PassionOne-Bold SDF.asset - Importer: PreviewImporter -> (ImportResultId: '3b41176f24c2baf5e90decb084eb5874') in 0.2183246 seconds
[ScriptCompilation] Requested script compilation because: AssetDatabase observed changes in script compilation related files
[Licensing::Client] Successfully resolved entitlement details
[Licensing::Module] License group:
  Id: F4-3VZ2-5WT4-GH8V-WM95-XXXX
  Product: Unity Personal
  Type: ULF
  Expiration: Unlimited
[Licensing::Module] License group:
  Id: 2476045025254-UnityPersXXXX
  Product: Unity Personal
  Type: Assigned
  Expiration: Unlimited
Refreshing native plugins compatible for Editor in 6.91 ms, found 5 plugins.

Asset Pipeline Refresh (id=c6f25b5b8f19d434f913412f9a6a7c1d): Total: 2.485 seconds - Initiated by StopAssetImportingV2(NoUpdateAssetOptions)
	(Values over 0.05ms)
	Summary:
		Imports: total=0 (actual=0, local cache=0, cache server=0)
		Asset DB Process Time: managed=0 ms, native=659 ms
		Asset DB Callback time: managed=1784 ms, native=40 ms
		Scripting: domain reloads=0, domain reload time=0 ms, compile time=0 ms, other=0 ms
		Project Asset Count: scripts=2190, non-scripts=5511
		Asset File Changes: new=0, changed=0, moved=0, deleted=25
		Scan Filter Count: 8
	ApplyChangesToAssetFolders: 0.295ms
	Scan: 360.520ms
	Collect global state as custom dependencies: 1.464ms
	OnSourceAssetsModified: 0.569ms
	CategorizeScriptCompilationAssets: 0.276ms
	ProcessAssetsWithTransientArtifactChanges: 0.498ms
	CategorizeAssets: 68.921ms
	CompileScripts: 0.179ms
	ImportOutOfDateAssets: 4.751ms (0.740ms without children)
		ReloadNativeAssets: 0.435ms
		UnloadImportedAssets: 0.355ms
		EnsureUptoDateAssetsAreRegisteredWithGuidPM: 1.999ms
		ImportSchedulerStart: 1.210ms
	PostProcessAllAssets: 1810.750ms
		XRBuildSystem.XRAssetImported 29.375ms
		LocalizationDatabase.AssetDatabasePostprocessCallback 0.112ms
		AssemblyValidation.PostprocessAllAssets 0.075ms
		MonoPostProcessAllAssets: 1778.533ms
			SyncVS.PostprocessSyncProject 1768.097ms
			ShaderGraphAssetPostProcessor.OnPostprocessAllAssets 3.051ms
			AssetPostprocessor.OnPostprocessAllAssets 2.044ms
			ConfigAssetsTracker.OnPostprocessAllAssets 1.378ms
			AssetChangedListener.OnPostprocessAllAssets 0.734ms
			RetainedModeAssetPostprocessor.OnPostprocessAllAssets 0.395ms
			ModelAssetProcessor.OnPostprocessAllAssets 0.377ms
			TrackSelectedAssetsProcessor.OnPostprocessAllAssets 0.375ms
			StyleCatalogPostProcessor.OnPostprocessAllAssets 0.250ms
			RenderPipelineGlobalSettingsPostprocessor.OnPostprocessAllAssets 0.200ms
			InputActionAssetPostprocessor.OnPostprocessAllAssets 0.168ms
			GraphRefreshPostprocessor.OnPostprocessAllAssets 0.159ms
			InputActionJsonNameModifierAssetProcessor.OnPostprocessAllAssets 0.154ms
			SpriteEditorTexturePostprocessor.OnPostprocessAllAssets 0.114ms
	PostAssetChangesProfiler: 14.284ms
	GatherAllCurrentPrimaryImportResultRevisions: 1.548ms
	PersistCurrentRevisions: 1.095ms
	Untracked: 190.807ms

Starting: C:\Program Files\Unity\Hub\Editor\6000.6.0f1\Editor\Data\Tools\BuildPipeline\bee_backend.exe --ipc --defer-dag-verification --dagfile="Library/Bee/1900b0aE.dag" --continue-on-failure --profile="Library/Bee/backend1.traceevents" ScriptAssemblies
WorkingDir: C:/Users/nadia/Documents/GitHub/KioskProject/KioskProject
Starting: C:\Program Files\Unity\Hub\Editor\6000.6.0f1\Editor\Data\DotNetSdk\dotnet.exe "C:\Program Files\Unity\Hub\Editor\6000.6.0f1\Editor\Data\Tools\BuildPipeline\ScriptCompilationBuildProgram.exe" "Library/Bee/1900b0aE.dag.json" "Library/Bee/1900b0aE-inputdata.json" "Library\Bee\buildprogram0.traceevents"
WorkingDir: C:/Users/nadia/Documents/GitHub/KioskProject/KioskProject
ExitCode: 4 Duration: 7s229ms
[1217/1607  0s] ILPP-Configuration Library/ilpp-configuration.nevergeneratedoutput
Rebuilding DAG because FileSignature timestamp changed: Library/Bee/1900b0aE-inputdata.json
[BUSY       6s] Csc Library/Bee/artifacts/1900b0aE.dag/Assembly-CSharp.dll (+2 others)
*** Tundra requires additional run (7.05 seconds), 2 items updated, 1598 evaluated
ExitCode: 0 Duration: 7s721ms
Starting: C:\Program Files\Unity\Hub\Editor\6000.6.0f1\Editor\Data\Tools\BuildPipeline\bee_backend.exe --ipc --defer-dag-verification --dagfile="Library/Bee/1900b0aE.dag" --continue-on-failure --dagfilejson="Library\Bee\1900b0aE.dag.json" --profile="Library/Bee/backend2.traceevents" ScriptAssemblies
WorkingDir: C:/Users/nadia/Documents/GitHub/KioskProject/KioskProject
ExitCode: 0 Duration: 14s
Finished compiling graph: 1611 nodes, 35194 flattened edges (29060 ToBuild, 264 ToUse), maximum node priority 1812
[ 800/1607  0s] WriteText Library/Bee/artifacts/1900b0aE.dag/Assembly-CSharp.rsp
[ 805/1607  0s] WriteText Library/Bee/artifacts/1900b0aE.dag/Assembly-CSharp-Editor.rsp
[1217/1607  0s] ILPP-Configuration Library/ilpp-configuration.nevergeneratedoutput
[BUSY       6s] Csc Library/Bee/artifacts/1900b0aE.dag/Assembly-CSharp.dll (+2 others)
[1599/1607  9s] Csc Library/Bee/artifacts/1900b0aE.dag/Assembly-CSharp.dll (+2 others)
[1601/1607  2s] ILPostProcess Library/Bee/artifacts/1900b0aE.dag/post-processed/Assembly-CSharp-Editor.dll (+pdb)
Processing assembly Library/Bee/artifacts/1900b0aE.dag/Assembly-CSharp-Editor.dll, with 148 defines and 403 references

processors: Unity.Jobs.CodeGen.JobsILPostProcessor, zzzUnity.Burst.CodeGen.BurstILPostProcessor

1 processor(s) skipped this assembly

running Unity.Jobs.CodeGen.JobsILPostProcessor
[1604/1607  3s] ILPostProcess Library/Bee/artifacts/1900b0aE.dag/post-processed/Assembly-CSharp.dll (+pdb)
Processing assembly Library/Bee/artifacts/1900b0aE.dag/Assembly-CSharp.dll, with 150 defines and 379 references

processors: Unity.Jobs.CodeGen.JobsILPostProcessor, zzzUnity.Burst.CodeGen.BurstILPostProcessor

1 processor(s) skipped this assembly

running Unity.Jobs.CodeGen.JobsILPostProcessor
[1605/1607  0s] CopyFiles Library/ScriptAssemblies/Assembly-CSharp.pdb
[1606/1607  0s] CopyFiles Library/ScriptAssemblies/Assembly-CSharp.dll
*** Tundra build success (14.11 seconds), 8 items updated, 1607 evaluated
Total cache size 267431344
Total cache size after purge 267431344, took 00:00:00.5856540
Reloading assemblies after forced synchronous recompile.
Begin MonoManager ReloadAssembly
[INFO ] [relay] log Domain reload signal received from client editor-15864-kwesys
GPU Resident Drawer disposed.
[INFO ] [relay] log Client disconnected - blocking and caching for recovery
[WARN ] [relay] connection.lost clientId=null
[WARN ] [relay] log Client disconnected - sessions will persist until auto-shutdown, reason: Client disconnected
[INFO ] [relay] log Auto-shutdown timer started due to client disconnection
Worker ready: AssetImportWorkerHW3 3
Symbol file LoadedFromMemory is not a mono symbol file
Symbol file LoadedFromMemory is not a mono symbol file
Refreshing native plugins compatible for Editor in 5.42 ms, found 5 plugins.
Native extension for WindowsStandalone target not found
Native extension for WebGL target not found
[MODES] ModeService[none].Initialize
[MODES] ModeService[none].LoadModes
Refreshing native plugins compatible for Editor in 6.18 ms, found 5 plugins.
[Licensing::Client] Error: Code 404 while processing request (status: Found 0 entitlement groups and 0 free entitlements matching requested entitlement ids)
ScheduleIndexationOnStartup MainProcess:True IndexOnStartup:True
Scripting: successfully reloaded assembly
- Finished resetting the current domain, in  6.918 seconds
Domain Reload Profiling: 12585ms
	BeginReloadAssembly (2019ms)
		DisableScriptedObjects (519ms)
		CreateAndSetChildDomain (849ms)
	RebuildCommonClasses (22ms)
	RebuildNativeTypeToScriptingClass (38ms)
	initialDomainReloadingComplete (217ms)
	LoadAllAssembliesAndSetupDomain (3369ms)
		LoadAssemblies (1986ms)
		TypeCache.Refresh (37ms)
		AnalyzeDomain (1150ms)
			BuildScriptInfoCaches (1118ms)
			ResolveRequiredComponents (24ms)
	FinalizeReload (6921ms)
		SetupLoadedEditorAssemblies (0ms)
			LogAssemblyErrors (7ms)
			InitializePlatformSupportModulesInManaged (51ms)
			BeforeProcessingInitializeOnLoad (643ms)
			ProcessInitializeOnLoadAttributes (2235ms)
			ProcessInitializeOnLoadMethodAttributes (793ms)
			AfterProcessingInitializeOnLoad (12ms)
			EditorAssembliesLoaded (4ms)
		AwakeInstancesAfterBackupRestoration (1719ms)

Asset Pipeline Refresh (id=6bb1cf745fa656645ae359e75107bf60): Total: 56.941 seconds - Initiated by RefreshV2(ForceSynchronousImport)
	(Values over 0.05ms)
	Summary:
		Imports: total=0 (actual=0, local cache=0, cache server=0)
		Asset DB Process Time: managed=0 ms, native=7369 ms
		Asset DB Callback time: managed=103 ms, native=44 ms
		Scripting: domain reloads=1, domain reload time=5809 ms, compile time=43615 ms, other=0 ms
		Project Asset Count: scripts=2190, non-scripts=5511
		Asset File Changes: new=0, changed=0, moved=0, deleted=0
		Scan Filter Count: 0
	InvokePackagesCallback: 48.026ms
	ApplyChangesToAssetFolders: 4.529ms
	Scan: 18.422ms
	Collect global state as custom dependencies: 10.465ms
	ProcessAssetsWithTransientArtifactChanges: 9.511ms
	CategorizeAssets: 238.125ms
	CompileScripts: 43614.660ms
	ImportOutOfDateAssets: 6952.309ms (6939.452ms without children)
		CollectScriptTypesHashes: 8.029ms
		ReloadNativeAssets: 2.620ms
		UnloadImportedAssets: 6.318ms
		EnsureUptoDateAssetsAreRegisteredWithGuidPM: 2.707ms
		ImportSchedulerStart: 1.131ms
	PostProcessAllAssets: 103.395ms
		MonoPostProcessAllAssets: 103.384ms
			UniversalRenderPipelineGlobalSettingsPostprocessor.OnPostprocessAllAssets 45.066ms
			SyncVS.PostprocessSyncProject 8.444ms
			GraphRefreshPostprocessor.OnPostprocessAllAssets 5.050ms
			SpeedTree9Postprocessor.OnPostprocessAllAssets 4.894ms
			WindowAssetPostprocessingWatcher.OnPostprocessAllAssets 4.247ms
			AssetChangeDetector.OnPostprocessAllAssets 3.573ms
			ShaderGraphAssetPostProcessor.OnPostprocessAllAssets 3.051ms
			EditModeScopePostprocessor.OnPostprocessAllAssets 2.924ms
			AssetPostprocessor.OnPostprocessAllAssets 2.044ms
			ShaderReflectionAssetPostProcessor.OnPostprocessAllAssets 1.931ms
			RenderPipelineGlobalSettingsPostprocessor.OnPostprocessAllAssets 1.648ms
			ConfigAssetsTracker.OnPostprocessAllAssets 1.378ms
			InputActionAssetPostprocessor.OnPostprocessAllAssets 0.808ms
			AssetChangedListener.OnPostprocessAllAssets 0.734ms
			ReferencedClipsPostProcessor.OnPostprocessAllAssets 0.565ms
			ProjectSettingsPostprocessor.OnPostprocessAllAssets 0.565ms
			TerrainToolbarOverlayPostProcessor.OnPostprocessAllAssets 0.434ms
			RetainedModeAssetPostprocessor.OnPostprocessAllAssets 0.395ms
			ModelAssetProcessor.OnPostprocessAllAssets 0.377ms
			TrackSelectedAssetsProcessor.OnPostprocessAllAssets 0.375ms
			AssetDatabaseCallbacks.OnPostprocessAllAssets 0.331ms
			StyleCatalogPostProcessor.OnPostprocessAllAssets 0.250ms
			InputActionJsonNameModifierAssetProcessor.OnPostprocessAllAssets 0.154ms
			SpriteEditorTexturePostprocessor.OnPostprocessAllAssets 0.114ms
	GatherAllCurrentPrimaryImportResultRevisions: 0.879ms
	PersistCurrentRevisions: 0.495ms
	GenerateScriptTypeHashes: 10.938ms
	GenerateScriptTypeSerializationHashes: 19.338ms
	Untracked: 5885.957ms

[Licensing::Client] Successfully resolved entitlement details
[Licensing::Client] Successfully resolved entitlement details
[INFO ] [relay] log Unity client connected with ID: editor-15864-04d3kx (relay 1.0.12-build.99)
[INFO ] [relay] connection.established clientId=editor-15864-04d3kx port=9001
[Licensing::Client] Successfully resolved entitlement details
GPU Resident Drawer created.
[Licensing::Client] Successfully resolved entitlement details
GPU Resident Drawer disposed.
Entering Playmode with Reload Domain disabled.
If you experience any issues, please disable "Enter Play Mode Options" in Editor Settings
Entering Playmode with Reload Scene disabled. If you experience any issues, please disable "Enter Play Mode Options" in Editor Settings
GPU Resident Drawer created.
Account API did not become accessible within 30 seconds. This may be due to network issues or editor focus.
UnityEngine.Debug:ExtractStackTraceNoAlloc (byte*,int,string)
UnityEngine.StackTraceUtility:ExtractStackTrace ()
UnityEngine.DebugLogHandler:Internal_Log (UnityEngine.LogType,UnityEngine.LogOption,string,UnityEngine.Object)
UnityEngine.DebugLogHandler:LogFormat (UnityEngine.LogType,UnityEngine.Object,string,object[])
UnityEngine.Logger:Log (UnityEngine.LogType,object)
UnityEngine.Debug:LogWarning (object)
Unity.AI.Toolkit.Accounts.Services.States.ApiAccessibleState/<WaitForCloudProjectSettings>d__4:MoveNext () (at ./Library/PackageCache/com.unity.ai.assistant@8d1e3e89e3a7/Modules/Unity.AI.Toolkit.Accounts/Services/States/ApiAccessibleState.cs:46)
System.Runtime.CompilerServices.AsyncMethodBuilderCore/MoveNextRunner:InvokeMoveNext (object)
System.Threading.ExecutionContext:RunInternal (System.Threading.ExecutionContext,System.Threading.ContextCallback,object,bool)
System.Threading.ExecutionContext:Run (System.Threading.ExecutionContext,System.Threading.ContextCallback,object,bool)
System.Runtime.CompilerServices.AsyncMethodBuilderCore/MoveNextRunner:Run ()
System.Threading.Tasks.AwaitTaskContinuation:InvokeAction (object)
System.Threading.Tasks.AwaitTaskContinuation:RunCallback (System.Threading.ContextCallback,object,System.Threading.Tasks.Task&)
System.Threading.Tasks.SynchronizationContextAwaitTaskContinuation:Run (System.Threading.Tasks.Task,bool)
System.Threading.Tasks.Task:FinishContinuations ()
System.Threading.Tasks.Task:FinishStageThree ()
System.Threading.Tasks.Task`1<bool>:TrySetResult (bool)
System.Threading.Tasks.TaskCompletionSource`1<bool>:TrySetResult (bool)
Unity.AI.Toolkit.EditorTask/<>c__DisplayClass22_0:<WaitForCondition>b__0 () (at ./Library/PackageCache/com.unity.ai.assistant@8d1e3e89e3a7/Modules/Unity.AI.Toolkit.Async/EditorTask.cs:420)
UnityEditor.EditorApplication:Internal_CallUpdateFunctions ()

(Filename: ./Library/PackageCache/com.unity.ai.assistant@8d1e3e89e3a7/Modules/Unity.AI.Toolkit.Accounts/Services/States/ApiAccessibleState.cs Line: 46)

[Licensing::Client] Error: Code 404 while processing request (status: Found 0 entitlement groups and 0 free entitlements matching requested entitlement ids)
[Licensing::Client] Error: Code 404 while processing request (status: Found 0 entitlement groups and 0 free entitlements matching requested entitlement ids)
[Licensing::Client] Error: Code 404 while processing request (status: Found 0 entitlement groups and 0 free entitlements matching requested entitlement ids)
[Licensing::Client] Error: Code 404 while processing request (status: Found 0 entitlement groups and 0 free entitlements matching requested entitlement ids)
[Licensing::Client] Error: Code 404 while processing request (status: Found 0 entitlement groups and 0 free entitlements matching requested entitlement ids)
[Licensing::Client] Error: Code 404 while processing request (status: Found 0 entitlement groups and 0 free entitlements matching requested entitlement ids)
[Licensing::Client] Error: Code 404 while processing request (status: Found 0 entitlement groups and 0 free entitlements matching requested entitlement ids)
[Licensing::Client] Error: Code 404 while processing request (status: Found 0 entitlement groups and 0 free entitlements matching requested entitlement ids)
[Licensing::Client] Error: Code 404 while processing request (status: Found 0 entitlement groups and 0 free entitlements matching requested entitlement ids)
[Licensing::Client] Error: Code 404 while processing request (status: Found 0 entitlement groups and 0 free entitlements matching requested entitlement ids)
[Licensing::Client] Error: Code 404 while processing request (status: Found 0 entitlement groups and 0 free entitlements matching requested entitlement ids)
[Licensing::Client] Error: Code 404 while processing request (status: Found 0 entitlement groups and 0 free entitlements matching requested entitlement ids)
[Licensing::Client] Error: Code 404 while processing request (status: Found 0 entitlement groups and 0 free entitlements matching requested entitlement ids)
[Licensing::Client] Error: Code 404 while processing request (status: Found 0 entitlement groups and 0 free entitlements matching requested entitlement ids)
[Licensing::Client] Error: Code 404 while processing request (status: Found 0 entitlement groups and 0 free entitlements matching requested entitlement ids)
[Licensing::Client] Error: Code 404 while processing request (status: Found 0 entitlement groups and 0 free entitlements matching requested entitlement ids)
[Licensing::Client] Error: Code 404 while processing request (status: Found 0 entitlement groups and 0 free entitlements matching requested entitlement ids)
[Licensing::Client] Error: Code 404 while processing request (status: Found 0 entitlement groups and 0 free entitlements matching requested entitlement ids)
[Licensing::Client] Error: Code 404 while processing request (status: Found 0 entitlement groups and 0 free entitlements matching requested entitlement ids)
[Licensing::Client] Error: Code 404 while processing request (status: Found 0 entitlement groups and 0 free entitlements matching requested entitlement ids)
Unloading 10 Unused Serialized files (Serialized files now loaded: 0)
UnloadTime: 20.574900 ms
Loaded scene 'Assets/Scenes/Scene1.unity'
	Deserialize:            70.467 ms
	Integration:            90.024 ms
	Integration of assets:  5.220 ms
	Thread Wait Time:       -0.069 ms
	Total Operation Time:   165.642 ms
Unloading 143 unused Assets / (81.9 KB). Loaded Objects now: 13019.
Memory consumption went from 0.76 GB to 0.76 GB.
Total: 74.872100 ms (FindLiveObjects: 1.787600 ms CreateObjectMapping: 0.732500 ms MarkObjects: 70.753600 ms  DeleteObjects: 0.881500 ms)

Unloading 11 Unused Serialized files (Serialized files now loaded: 0)
UnloadTime: 3.300000 ms
Loaded scene 'Temp/__Backupscenes/0.backup'
	Deserialize:            19.339 ms
	Integration:            50.435 ms
	Integration of assets:  0.147 ms
	Thread Wait Time:       5.536 ms
	Total Operation Time:   75.458 ms
Unloading 22 unused Assets / (461.8 KB). Loaded Objects now: 12955.
Memory consumption went from 0.76 GB to 0.76 GB.
Total: 75.661200 ms (FindLiveObjects: 1.907500 ms CreateObjectMapping: 0.677600 ms MarkObjects: 65.371500 ms  DeleteObjects: 6.927000 ms)

GPU Resident Drawer disposed.
Unloading 2 Unused Serialized files (Serialized files now loaded: 0)
Loaded scene 'Temp/__Backupscenes/0.backup'
	Deserialize:            3.372 ms
	Integration:            54.984 ms
	Integration of assets:  0.004 ms
	Thread Wait Time:       0.020 ms
	Total Operation Time:   58.380 ms
Unloading 2 unused Assets / (0.5 MB). Loaded Objects now: 12819.
Memory consumption went from 0.75 GB to 0.75 GB.
Total: 88.491700 ms (FindLiveObjects: 2.055900 ms CreateObjectMapping: 0.619000 ms MarkObjects: 84.738400 ms  DeleteObjects: 0.166200 ms)

[Licensing::Client] Successfully resolved entitlement details
[Licensing::Module] License group:
  Id: F4-3VZ2-5WT4-GH8V-WM95-XXXX
  Product: Unity Personal
  Type: ULF
  Expiration: Unlimited
[Licensing::Module] License group:
  Id: 2476045025254-UnityPersXXXX
  Product: Unity Personal
  Type: Assigned
  Expiration: Unlimited
GPU Resident Drawer created.
[Worker2] Imported GUID: 297b588ec81c8cb44b137a710a1f695a - Path: Assets/Scenes/Scene2.unity - Importer: PreviewImporter -> (ImportResultId: '8fa4eaba89a2b8ecc0f5d064c120e1ad') in 0.0538768 seconds
Importing 'GUID: 00000000000000009000000000000000 - Path: ProjectSettings/QualitySettings.asset' with importer (LibraryAssetImporter)
Imported 'GUID: 00000000000000009000000000000000' -> (Import Result ID: '8151b601d05d3e12de314c2aa1f82962') in 0.008 seconds [static dependencies only]. Details - ImportResultOutputID=2a108b3da874f726c62fbe5f12be4a8a DependenciesID=6180c49ef29638684367d2893c04e070 StaticDependenciesID=5b19720d9149525484b40148944c8e26 
Importing 'GUID: 0000000000000000b000000000000000 - Path: ProjectSettings/EditorBuildSettings.asset' with importer (LibraryAssetImporter)
Imported 'GUID: 0000000000000000b000000000000000' -> (Import Result ID: '9471a9356de28d23b842388da0b81486') in 0.001 seconds [static dependencies only]. Details - ImportResultOutputID=0a89a5c5f492143e0fa186859e17ba6f DependenciesID=13968a1ea0aba76434bce8c4646787a2 StaticDependenciesID=477ee51f181756e4219eb0118822df3f 
Importing 'GUID: a00013af81304728b2be1f4309ee2433 - Path: Assets/TextMesh Pro/Examples & Extras/Resources/Fonts & Materials/Anton SDF - Outline.mat' with importer (NativeFormatImporter)
Imported 'GUID: a00013af81304728b2be1f4309ee2433' -> (Import Result ID: '9fb9014c9a1562f5958e84dec2e39980') in 0.015 seconds [static dependencies only]. Details - ImportResultOutputID=09614a09dac6159856527d6b5b27ec03 DependenciesID=2492ba2e51b60cc9de1abcb1d4f9fb0c StaticDependenciesID=4b9ee8615d58a1e721b115801c42c333 
Importing 'GUID: 8a89fa14b10d46a99122fd4f73fca9a2 - Path: Assets/TextMesh Pro/Examples & Extras/Resources/Fonts & Materials/Anton SDF.asset' with importer (NativeFormatImporter)
Imported 'GUID: 8a89fa14b10d46a99122fd4f73fca9a2' -> (Import Result ID: 'acb20583c26b3fdd443d6316359315cc') in 0.022 seconds [static dependencies only]. Details - ImportResultOutputID=cbc3bbf2d843e56be7c9e6f21f25942f DependenciesID=57dc97c523f67578775eb5e0914c6d89 StaticDependenciesID=2b50d6cecc15688cb3170f83488462a9 
Refreshing native plugins compatible for Editor in 5.86 ms, found 5 plugins.

Asset Pipeline Refresh (id=73120ca2dfd74214f9f099a8675772b7): Total: 0.768 seconds - Initiated by StopAssetImportingV2(NoUpdateAssetOptions)
	(Values over 0.05ms)
	Summary:
		Imports: total=4 (actual=4, local cache=0, cache server=0)
		Asset DB Process Time: managed=2 ms, native=197 ms
		Asset DB Callback time: managed=549 ms, native=18 ms
		Scripting: domain reloads=0, domain reload time=0 ms, compile time=0 ms, other=0 ms
		Project Asset Count: scripts=2190, non-scripts=5511
		Asset File Changes: new=0, changed=2, moved=0, deleted=0
		Scan Filter Count: 9
	ApplyChangesToAssetFolders: 0.273ms
	Scan: 52.889ms
	Collect global state as custom dependencies: 0.830ms
	OnSourceAssetsModified: 1.497ms
	ProcessAssetsWithTransientArtifactChanges: 0.111ms
	CategorizeAssets: 57.675ms
	ImportOutOfDateAssets: 74.786ms (0.646ms without children)
		ImportManagerImport: 70.153ms (12.757ms without children)
			UpdateCategorizedAssets: 0.128ms
		ReloadNativeAssets: 0.113ms
		UnloadImportedAssets: 0.409ms
		EnsureUptoDateAssetsAreRegisteredWithGuidPM: 2.410ms
		ImportSchedulerStart: 1.020ms
	PostProcessAllAssets: 557.776ms
		XRBuildSystem.XRAssetImported 8.216ms
		MonoPostProcessAllAssets: 548.372ms
			AssetReferenceReimportMonitor.OnPostprocessAllAssets 73.781ms
			AssetPostprocessor.OnPostprocessAllAssets 8.523ms
			AssetChangedListener.OnPostprocessAllAssets 8.362ms
			SpriteSlicePostprocessor.OnPostprocessAllAssets 6.380ms
			ShaderGraphAssetPostProcessor.OnPostprocessAllAssets 4.929ms
			RetainedModeAssetPostprocessor.OnPostprocessAllAssets 2.419ms
			MaterialPostprocessor.OnPostprocessAllAssets 1.973ms
			TMPro_TexturePostProcessor.OnPostprocessAllAssets 1.862ms
			BuilderAssetPostprocessor.OnPostprocessAllAssets 1.676ms
			SpriteEditorTexturePostprocessor.OnPostprocessAllAssets 1.631ms
			SyncVS.PostprocessSyncProject 1.397ms
			ConfigAssetsTracker.OnPostprocessAllAssets 1.330ms
			SkillsProjectAssetPostprocessor.OnPostprocessAllAssets 1.178ms
			PostProcessor.OnPostprocessAllAssets 0.956ms
			ArtifactBrowserPostProcessor.OnPostprocessAllAssets 0.903ms
			ModelAssetProcessor.OnPostprocessAllAssets 0.849ms
			InputActionJsonNameModifierAssetProcessor.OnPostprocessAllAssets 0.804ms
			UVCSAssetPostprocessor.OnPostprocessAllAssets 0.685ms
			TextAssetPostProcessor.OnPostprocessAllAssets 0.679ms
			AudioMixerPostprocessor.OnPostprocessAllAssets 0.613ms
			AssetEvents.OnPostprocessAllAssets 0.591ms
			StyleCatalogPostProcessor.OnPostprocessAllAssets 0.456ms
			ScenarioDriftAssetsTracker.OnPostprocessAllAssets 0.455ms
			ThemePostprocessor.OnPostprocessAllAssets 0.387ms
			GraphRefreshPostprocessor.OnPostprocessAllAssets 0.373ms
			SamplePostprocessor.OnPostprocessAllAssets 0.331ms
			SpeedTreePostProcessor.OnPostprocessAllAssets 0.319ms
			RenderPipelineGlobalSettingsPostprocessor.OnPostprocessAllAssets 0.319ms
			AssetReloadNotifier.OnPostprocessAllAssets 0.215ms
			TrackSelectedAssetsProcessor.OnPostprocessAllAssets 0.164ms
			AudioContainerPostProcessor.OnPostprocessAllAssets 0.128ms
			InputActionAssetPostprocessor.OnPostprocessAllAssets 0.080ms
			SpeedTree9Postprocessor.OnPostprocessAllAssets 0.065ms
	PostAssetChangesProfiler: 8.576ms
	GatherAllCurrentPrimaryImportResultRevisions: 1.322ms
	UnloadStreamsBegin: 0.382ms
	PersistCurrentRevisions: 0.648ms
	UnloadStreamsEnd: 0.122ms
	Untracked: 10.942ms

Importing 'GUID: 99c9720ab356a0642a771bea13969a05 - Path: Assets/Scenes/MainMenu.unity' with importer (DefaultImporter)
Imported 'GUID: 99c9720ab356a0642a771bea13969a05' -> (Import Result ID: 'deb951e5916944023384997700f28654') in 0.019 seconds [static dependencies only]. Details - ImportResultOutputID=b2b4b1a3c4855eea37f724322e9dd089 DependenciesID=a75f9e72c6edeb7e123a556989fb73eb StaticDependenciesID=7b85d2353a89510d60571c35c614446f 
Refreshing native plugins compatible for Editor in 6.82 ms, found 5 plugins.
Asset Pipeline Refresh (id=7613aa0d0586b0f479a9132039e9be23): Total: 0.152 seconds - Initiated by StopAssetImportingV2(NoUpdateAssetOptions)
Opening scene 'Assets/Scenes/Scene2.unity'
Unloading 25 Unused Serialized files (Serialized files now loaded: 0)
Loaded scene 'Assets/Scenes/Scene2.unity'
	Deserialize:            15.588 ms
	Integration:            68.054 ms
	Integration of assets:  0.062 ms
	Thread Wait Time:       0.107 ms
	Total Operation Time:   83.810 ms
Unloading 176 unused Assets / (5.8 MB). Loaded Objects now: 12917.
Memory consumption went from 0.80 GB to 0.79 GB.
Total: 80.870700 ms (FindLiveObjects: 2.163000 ms CreateObjectMapping: 0.703600 ms MarkObjects: 76.701900 ms  DeleteObjects: 0.546400 ms)

[Worker2] Imported GUID: 99c9720ab356a0642a771bea13969a05 - Path: Assets/Scenes/MainMenu.unity - Importer: PreviewImporter -> (ImportResultId: '56b939e4f29fe45f094913507a2d50ec') in 0.0546231 seconds
Opening scene 'Assets/Scenes/MainMenu.unity'
Unloading 13 Unused Serialized files (Serialized files now loaded: 0)
Loaded scene 'Assets/Scenes/MainMenu.unity'
	Deserialize:            7.587 ms
	Integration:            62.680 ms
	Integration of assets:  0.369 ms
	Thread Wait Time:       0.152 ms
	Total Operation Time:   70.789 ms
Unloading 21 unused Assets / (1.5 MB). Loaded Objects now: 12938.
Memory consumption went from 0.79 GB to 0.79 GB.
Total: 77.421300 ms (FindLiveObjects: 2.004700 ms CreateObjectMapping: 0.531600 ms MarkObjects: 73.330800 ms  DeleteObjects: 0.750500 ms)

GPU Resident Drawer disposed.
Entering Playmode with Reload Domain disabled.
If you experience any issues, please disable "Enter Play Mode Options" in Editor Settings
Entering Playmode with Reload Scene disabled. If you experience any issues, please disable "Enter Play Mode Options" in Editor Settings
GPU Resident Drawer created.
Unloading 11 Unused Serialized files (Serialized files now loaded: 0)
UnloadTime: 1.319900 ms
Loaded scene 'Assets/Scenes/Scene2.unity'
	Deserialize:            5.043 ms
	Integration:            53.320 ms
	Integration of assets:  0.064 ms
	Thread Wait Time:       0.014 ms
	Total Operation Time:   58.440 ms
Unloading 28 unused Assets / (19.6 MB). Loaded Objects now: 13021.
Memory consumption went from 0.82 GB to 0.80 GB.
Total: 80.002200 ms (FindLiveObjects: 2.104400 ms CreateObjectMapping: 0.845500 ms MarkObjects: 75.992200 ms  DeleteObjects: 0.259700 ms)

Unloading 5 Unused Serialized files (Serialized files now loaded: 0)
UnloadTime: 1.016200 ms
Loaded scene 'Temp/__Backupscenes/0.backup'
	Deserialize:            5.277 ms
	Integration:            54.865 ms
	Integration of assets:  0.065 ms
	Thread Wait Time:       6.129 ms
	Total Operation Time:   66.336 ms
Unloading 2 unused Assets / (1.5 MB). Loaded Objects now: 13016.
Memory consumption went from 0.79 GB to 0.79 GB.
Total: 85.289500 ms (FindLiveObjects: 2.501900 ms CreateObjectMapping: 0.631900 ms MarkObjects: 81.081400 ms  DeleteObjects: 0.146700 ms)

GPU Resident Drawer disposed.
Unloading 2 Unused Serialized files (Serialized files now loaded: 0)
Loaded scene 'Temp/__Backupscenes/0.backup'
	Deserialize:            1.687 ms
	Integration:            50.516 ms
	Integration of assets:  0.004 ms
	Thread Wait Time:       0.053 ms
	Total Operation Time:   52.260 ms
Unloading 2 unused Assets / (0.9 MB). Loaded Objects now: 12882.
Memory consumption went from 0.79 GB to 0.79 GB.
Total: 73.508600 ms (FindLiveObjects: 1.852400 ms CreateObjectMapping: 0.670200 ms MarkObjects: 70.045500 ms  DeleteObjects: 0.180000 ms)

[Licensing::Client] Successfully resolved entitlement details
[Licensing::Module] License group:
  Id: F4-3VZ2-5WT4-GH8V-WM95-XXXX
  Product: Unity Personal
  Type: ULF
  Expiration: Unlimited
[Licensing::Module] License group:
  Id: 2476045025254-UnityPersXXXX
  Product: Unity Personal
  Type: Assigned
  Expiration: Unlimited
GPU Resident Drawer created.
GPU Resident Drawer disposed.
Entering Playmode with Reload Domain disabled.
If you experience any issues, please disable "Enter Play Mode Options" in Editor Settings
Entering Playmode with Reload Scene disabled. If you experience any issues, please disable "Enter Play Mode Options" in Editor Settings
GPU Resident Drawer created.
GPU Resident Drawer disposed.
Unloading 4 Unused Serialized files (Serialized files now loaded: 0)
Loaded scene 'Temp/__Backupscenes/0.backup'
	Deserialize:            1.905 ms
	Integration:            46.888 ms
	Integration of assets:  0.004 ms
	Thread Wait Time:       0.057 ms
	Total Operation Time:   48.854 ms
Unloading 9 unused Assets / (0.9 MB). Loaded Objects now: 12905.
Memory consumption went from 0.79 GB to 0.79 GB.
Total: 78.102100 ms (FindLiveObjects: 1.727700 ms CreateObjectMapping: 0.597200 ms MarkObjects: 74.690200 ms  DeleteObjects: 0.254100 ms)

[Licensing::Client] Successfully resolved entitlement details
[Licensing::Module] License group:
  Id: F4-3VZ2-5WT4-GH8V-WM95-XXXX
  Product: Unity Personal
  Type: ULF
  Expiration: Unlimited
[Licensing::Module] License group:
  Id: 2476045025254-UnityPersXXXX
  Product: Unity Personal
  Type: Assigned
  Expiration: Unlimited
GPU Resident Drawer created.
GPU Resident Drawer disposed.
Entering Playmode with Reload Domain disabled.
If you experience any issues, please disable "Enter Play Mode Options" in Editor Settings
Entering Playmode with Reload Scene disabled. If you experience any issues, please disable "Enter Play Mode Options" in Editor Settings
GPU Resident Drawer created.
GPU Resident Drawer disposed.
Unloading 4 Unused Serialized files (Serialized files now loaded: 0)
Loaded scene 'Temp/__Backupscenes/0.backup'
	Deserialize:            1.883 ms
	Integration:            53.720 ms
	Integration of assets:  0.003 ms
	Thread Wait Time:       0.044 ms
	Total Operation Time:   55.650 ms
Unloading 2 unused Assets / (0.8 MB). Loaded Objects now: 12911.
Memory consumption went from 0.79 GB to 0.79 GB.
Total: 80.206400 ms (FindLiveObjects: 1.616000 ms CreateObjectMapping: 0.658400 ms MarkObjects: 77.039900 ms  DeleteObjects: 0.155300 ms)

GPU Resident Drawer created.
GPU Resident Drawer disposed.
Entering Playmode with Reload Domain disabled.
If you experience any issues, please disable "Enter Play Mode Options" in Editor Settings
Entering Playmode with Reload Scene disabled. If you experience any issues, please disable "Enter Play Mode Options" in Editor Settings
GPU Resident Drawer created.
GPU Resident Drawer disposed.
Unloading 4 Unused Serialized files (Serialized files now loaded: 0)
Loaded scene 'Temp/__Backupscenes/0.backup'
	Deserialize:            2.020 ms
	Integration:            47.969 ms
	Integration of assets:  0.005 ms
	Thread Wait Time:       0.062 ms
	Total Operation Time:   50.056 ms
Unloading 2 unused Assets / (97.8 KB). Loaded Objects now: 12917.
Memory consumption went from 0.79 GB to 0.79 GB.
Total: 79.624700 ms (FindLiveObjects: 1.792700 ms CreateObjectMapping: 0.506000 ms MarkObjects: 76.490700 ms  DeleteObjects: 0.141900 ms)

GPU Resident Drawer created.
GPU Resident Drawer disposed.
Entering Playmode with Reload Domain disabled.
If you experience any issues, please disable "Enter Play Mode Options" in Editor Settings
Entering Playmode with Reload Scene disabled. If you experience any issues, please disable "Enter Play Mode Options" in Editor Settings
GPU Resident Drawer created.
GPU Resident Drawer disposed.
Unloading 4 Unused Serialized files (Serialized files now loaded: 0)
Loaded scene 'Temp/__Backupscenes/0.backup'
	Deserialize:            2.240 ms
	Integration:            65.465 ms
	Integration of assets:  0.008 ms
	Thread Wait Time:       0.072 ms
	Total Operation Time:   67.784 ms
Unloading 2 unused Assets / (0.9 MB). Loaded Objects now: 12923.
Memory consumption went from 0.79 GB to 0.79 GB.
Total: 82.454900 ms (FindLiveObjects: 1.933800 ms CreateObjectMapping: 0.708300 ms MarkObjects: 78.820400 ms  DeleteObjects: 0.149800 ms)

[Licensing::Client] Successfully resolved entitlement details
[Licensing::Module] License group:
  Id: F4-3VZ2-5WT4-GH8V-WM95-XXXX
  Product: Unity Personal
  Type: ULF
  Expiration: Unlimited
[Licensing::Module] License group:
  Id: 2476045025254-UnityPersXXXX
  Product: Unity Personal
  Type: Assigned
  Expiration: Unlimited
GPU Resident Drawer created.
GPU Resident Drawer disposed.
Entering Playmode with Reload Domain disabled.
If you experience any issues, please disable "Enter Play Mode Options" in Editor Settings
Entering Playmode with Reload Scene disabled. If you experience any issues, please disable "Enter Play Mode Options" in Editor Settings
GPU Resident Drawer created.
GPU Resident Drawer disposed.
Unloading 4 Unused Serialized files (Serialized files now loaded: 0)
Loaded scene 'Temp/__Backupscenes/0.backup'
	Deserialize:            1.918 ms
	Integration:            52.924 ms
	Integration of assets:  0.003 ms
	Thread Wait Time:       0.063 ms
	Total Operation Time:   54.907 ms
Unloading 2 unused Assets / (0.8 MB). Loaded Objects now: 12929.
Memory consumption went from 0.79 GB to 0.79 GB.
Total: 72.492000 ms (FindLiveObjects: 1.703400 ms CreateObjectMapping: 0.520200 ms MarkObjects: 69.350300 ms  DeleteObjects: 0.142000 ms)

GPU Resident Drawer created.
[Worker2] Imported GUID: 234b6a9c6c315854c806599b1e7f7d88 - Path: Assets/Scenes/Scene1.unity - Importer: PreviewImporter -> (ImportResultId: 'facd96245faddc1ad13518b9942591f7') in 0.053278 seconds
Importing 'GUID: 00000000000000009000000000000000 - Path: ProjectSettings/QualitySettings.asset' with importer (LibraryAssetImporter)
Imported 'GUID: 00000000000000009000000000000000' -> (Import Result ID: '8151b601d05d3e12de314c2aa1f82962') in 0.002 seconds [static dependencies only]. Details - ImportResultOutputID=2a108b3da874f726c62fbe5f12be4a8a DependenciesID=6180c49ef29638684367d2893c04e070 StaticDependenciesID=5b19720d9149525484b40148944c8e26 
Importing 'GUID: 0000000000000000b000000000000000 - Path: ProjectSettings/EditorBuildSettings.asset' with importer (LibraryAssetImporter)
Imported 'GUID: 0000000000000000b000000000000000' -> (Import Result ID: '9471a9356de28d23b842388da0b81486') in 0.001 seconds [static dependencies only]. Details - ImportResultOutputID=0a89a5c5f492143e0fa186859e17ba6f DependenciesID=13968a1ea0aba76434bce8c4646787a2 StaticDependenciesID=477ee51f181756e4219eb0118822df3f 
Importing 'GUID: 8a89fa14b10d46a99122fd4f73fca9a2 - Path: Assets/TextMesh Pro/Examples & Extras/Resources/Fonts & Materials/Anton SDF.asset' with importer (NativeFormatImporter)
Imported 'GUID: 8a89fa14b10d46a99122fd4f73fca9a2' -> (Import Result ID: 'e1340baddf3b35dcb84aef53d37095ef') in 0.010 seconds [static dependencies only]. Details - ImportResultOutputID=cbc3bbf2d843e56be7c9e6f21f25942f DependenciesID=6d29bb6407ed9022ef45541eeb767a58 StaticDependenciesID=c2c3ef68688231a5be0939cefd8ea14f 
Refreshing native plugins compatible for Editor in 6.17 ms, found 5 plugins.
Asset Pipeline Refresh (id=426a01c1f0ec1b8499d3323100c5b406): Total: 0.167 seconds - Initiated by StopAssetImportingV2(NoUpdateAssetOptions)
Importing 'GUID: 99c9720ab356a0642a771bea13969a05 - Path: Assets/Scenes/MainMenu.unity' with importer (DefaultImporter)
Imported 'GUID: 99c9720ab356a0642a771bea13969a05' -> (Import Result ID: '1feca265023cc9115d740e3a8eb24d25') in 0.003 seconds [static dependencies only]. Details - ImportResultOutputID=b2b4b1a3c4855eea37f724322e9dd089 DependenciesID=909316f0aa6a51418eb921471ee764ad StaticDependenciesID=4970376a91a3153fcd829355840ddd89 
Refreshing native plugins compatible for Editor in 5.80 ms, found 5 plugins.
Asset Pipeline Refresh (id=4372fe158ca42ed4aaf2afa29d9b8b70): Total: 0.132 seconds - Initiated by StopAssetImportingV2(NoUpdateAssetOptions)
Opening scene 'Assets/Scenes/Scene1.unity'
Unloading 26 Unused Serialized files (Serialized files now loaded: 0)
Loaded scene 'Assets/Scenes/Scene1.unity'
	Deserialize:            8.062 ms
	Integration:            72.049 ms
	Integration of assets:  0.691 ms
	Thread Wait Time:       0.055 ms
	Total Operation Time:   80.856 ms
Unloading 170 unused Assets / (10.0 MB). Loaded Objects now: 13067.
Memory consumption went from 0.81 GB to 0.80 GB.
Total: 86.542900 ms (FindLiveObjects: 2.012300 ms CreateObjectMapping: 0.700900 ms MarkObjects: 82.311000 ms  DeleteObjects: 0.693800 ms)

GPU Resident Drawer disposed.
Entering Playmode with Reload Domain disabled.
If you experience any issues, please disable "Enter Play Mode Options" in Editor Settings
Entering Playmode with Reload Scene disabled. If you experience any issues, please disable "Enter Play Mode Options" in Editor Settings
GPU Resident Drawer created.
UnloadTime: 1.485600 ms
Unloading 22 Unused Serialized files (Serialized files now loaded: 0)
Loaded scene 'Assets/Scenes/MainMenu.unity'
	Deserialize:            8.047 ms
	Integration:            54.953 ms
	Integration of assets:  0.076 ms
	Thread Wait Time:       0.017 ms
	Total Operation Time:   63.093 ms
Unloading 48 unused Assets / (28.5 MB). Loaded Objects now: 13073.
Memory consumption went from 0.82 GB to 0.79 GB.
Total: 74.074700 ms (FindLiveObjects: 1.965800 ms CreateObjectMapping: 0.747700 ms MarkObjects: 70.186800 ms  DeleteObjects: 0.399900 ms)

GPU Resident Drawer disposed.
Unloading 6 Unused Serialized files (Serialized files now loaded: 0)
Loaded scene 'Temp/__Backupscenes/0.backup'
	Deserialize:            8.799 ms
	Integration:            51.707 ms
	Integration of assets:  0.474 ms
	Thread Wait Time:       0.034 ms
	Total Operation Time:   61.014 ms
Unloading 2 unused Assets / (1.5 MB). Loaded Objects now: 12977.
Memory consumption went from 0.79 GB to 0.79 GB.
Total: 80.459000 ms (FindLiveObjects: 1.742300 ms CreateObjectMapping: 0.515200 ms MarkObjects: 77.227800 ms  DeleteObjects: 0.150100 ms)

[Licensing::Client] Successfully resolved entitlement details
[Licensing::Module] License group:
  Id: F4-3VZ2-5WT4-GH8V-WM95-XXXX
  Product: Unity Personal
  Type: ULF
  Expiration: Unlimited
[Licensing::Module] License group:
  Id: 2476045025254-UnityPersXXXX
  Product: Unity Personal
  Type: Assigned
  Expiration: Unlimited
GPU Resident Drawer created.
Importing 'GUID: 00000000000000009000000000000000 - Path: ProjectSettings/QualitySettings.asset' with importer (LibraryAssetImporter)
Imported 'GUID: 00000000000000009000000000000000' -> (Import Result ID: '8151b601d05d3e12de314c2aa1f82962') in 0.003 seconds [static dependencies only]. Details - ImportResultOutputID=2a108b3da874f726c62fbe5f12be4a8a DependenciesID=6180c49ef29638684367d2893c04e070 StaticDependenciesID=5b19720d9149525484b40148944c8e26 
Importing 'GUID: 0000000000000000b000000000000000 - Path: ProjectSettings/EditorBuildSettings.asset' with importer (LibraryAssetImporter)
Imported 'GUID: 0000000000000000b000000000000000' -> (Import Result ID: '9471a9356de28d23b842388da0b81486') in 0.001 seconds [static dependencies only]. Details - ImportResultOutputID=0a89a5c5f492143e0fa186859e17ba6f DependenciesID=13968a1ea0aba76434bce8c4646787a2 StaticDependenciesID=477ee51f181756e4219eb0118822df3f 
Refreshing native plugins compatible for Editor in 6.29 ms, found 5 plugins.
Asset Pipeline Refresh (id=e106b35da6ba9d8478a98105ee6c70c0): Total: 0.065 seconds - Initiated by StopAssetImportingV2(NoUpdateAssetOptions)
Importing 'GUID: 234b6a9c6c315854c806599b1e7f7d88 - Path: Assets/Scenes/Scene1.unity' with importer (DefaultImporter)
Imported 'GUID: 234b6a9c6c315854c806599b1e7f7d88' -> (Import Result ID: '96bdcf07cce2863190e23065663b790c') in 0.019 seconds [static dependencies only]. Details - ImportResultOutputID=a036add2a8dee12fb991e0c390493606 DependenciesID=4a9eb0268207bcb35ed1f256cea9cb1b StaticDependenciesID=b2a8bd55ee9cf3326e525ef61b40319c 
Refreshing native plugins compatible for Editor in 6.44 ms, found 5 plugins.
Asset Pipeline Refresh (id=936392d2acb1e4c4580cb739bac09590): Total: 0.136 seconds - Initiated by StopAssetImportingV2(NoUpdateAssetOptions)
Opening scene 'Assets/Scenes/Scene2.unity'
Unloading 25 Unused Serialized files (Serialized files now loaded: 0)
Loaded scene 'Assets/Scenes/Scene2.unity'
	Deserialize:            5.017 ms
	Integration:            56.678 ms
	Integration of assets:  0.052 ms
	Thread Wait Time:       0.041 ms
	Total Operation Time:   61.789 ms
Unloading 181 unused Assets / (9.3 MB). Loaded Objects now: 12998.
Memory consumption went from 0.81 GB to 0.80 GB.
Total: 102.921900 ms (FindLiveObjects: 1.975000 ms CreateObjectMapping: 0.764700 ms MarkObjects: 98.698900 ms  DeleteObjects: 0.740500 ms)

[Worker2] Imported GUID: 813880d116a0269409a8a23ebdb4f887 - Path: Assets/Scenes/Scene3.unity - Importer: PreviewImporter -> (ImportResultId: '5996c856fba2f7421d1a1686b64063d2') in 0.0575796 seconds
Importing 'GUID: 297b588ec81c8cb44b137a710a1f695a - Path: Assets/Scenes/Scene2.unity' with importer (DefaultImporter)
Imported 'GUID: 297b588ec81c8cb44b137a710a1f695a' -> (Import Result ID: '3b2963ccbda4703996d2907647c6b0b6') in 0.017 seconds [static dependencies only]. Details - ImportResultOutputID=5b9368d90724753310f401f936b8e06e DependenciesID=3a9bd0c0780ba2eaf9c27392ba09fed6 StaticDependenciesID=5acbcf9a850135afda75c2132d971a09 
Refreshing native plugins compatible for Editor in 7.09 ms, found 5 plugins.
Asset Pipeline Refresh (id=0ca4446099d368e4b97f679b9b3a2fb3): Total: 0.148 seconds - Initiated by StopAssetImportingV2(NoUpdateAssetOptions)
Opening scene 'Assets/Scenes/Scene3.unity'
Unloading 23 Unused Serialized files (Serialized files now loaded: 0)
Loaded scene 'Assets/Scenes/Scene3.unity'
	Deserialize:            27.091 ms
	Integration:            111.549 ms
	Integration of assets:  0.073 ms
	Thread Wait Time:       0.039 ms
	Total Operation Time:   138.753 ms
Unloading 194 unused Assets / (9.8 MB). Loaded Objects now: 12997.
Memory consumption went from 0.81 GB to 0.80 GB.
Total: 82.972700 ms (FindLiveObjects: 1.876900 ms CreateObjectMapping: 0.698900 ms MarkObjects: 78.873500 ms  DeleteObjects: 0.746900 ms)

[Worker2] Imported GUID: 99c9720ab356a0642a771bea13969a05 - Path: Assets/Scenes/MainMenu.unity - Importer: PreviewImporter -> (ImportResultId: '31eabad543392ace1f504e3a0868d6d6') in 0.0515883 seconds
Importing 'GUID: 813880d116a0269409a8a23ebdb4f887 - Path: Assets/Scenes/Scene3.unity' with importer (DefaultImporter)
Imported 'GUID: 813880d116a0269409a8a23ebdb4f887' -> (Import Result ID: '5527516e462248597b08834967d27f66') in 0.017 seconds [static dependencies only]. Details - ImportResultOutputID=36154226a8279f619fe1ed50af91ff06 DependenciesID=dbd2f0252e66647bfcf2e8e2b063940a StaticDependenciesID=897b7b0840ee63a7d88e11707bd31a6d 
Refreshing native plugins compatible for Editor in 6.52 ms, found 5 plugins.
Asset Pipeline Refresh (id=091596ca2358f834992905a107c2730f): Total: 0.152 seconds - Initiated by StopAssetImportingV2(NoUpdateAssetOptions)
Opening scene 'Assets/Scenes/MainMenu.unity'
Unloading 25 Unused Serialized files (Serialized files now loaded: 0)
Loaded scene 'Assets/Scenes/MainMenu.unity'
	Deserialize:            5.689 ms
	Integration:            65.547 ms
	Integration of assets:  0.053 ms
	Thread Wait Time:       0.180 ms
	Total Operation Time:   71.469 ms
Unloading 185 unused Assets / (9.9 MB). Loaded Objects now: 13022.
Memory consumption went from 0.81 GB to 0.80 GB.
Total: 83.287500 ms (FindLiveObjects: 2.582200 ms CreateObjectMapping: 0.847500 ms MarkObjects: 78.469400 ms  DeleteObjects: 0.573700 ms)

[Worker2] Imported GUID: 234b6a9c6c315854c806599b1e7f7d88 - Path: Assets/Scenes/Scene1.unity - Importer: PreviewImporter -> (ImportResultId: '330a9941c18d2e58ebfce8c0ffafc45c') in 0.0406202 seconds
Opening scene 'Assets/Scenes/Scene1.unity'
Unloading 10 Unused Serialized files (Serialized files now loaded: 0)
Loaded scene 'Assets/Scenes/Scene1.unity'
	Deserialize:            7.714 ms
	Integration:            55.573 ms
	Integration of assets:  0.477 ms
	Thread Wait Time:       0.054 ms
	Total Operation Time:   63.818 ms
Unloading 15 unused Assets / (11.3 MB). Loaded Objects now: 13070.
Memory consumption went from 0.80 GB to 0.79 GB.
Total: 84.220000 ms (FindLiveObjects: 2.889600 ms CreateObjectMapping: 0.611200 ms MarkObjects: 79.661200 ms  DeleteObjects: 0.244300 ms)

Importing 'GUID: 8a89fa14b10d46a99122fd4f73fca9a2 - Path: Assets/TextMesh Pro/Examples & Extras/Resources/Fonts & Materials/Anton SDF.asset' with importer (NativeFormatImporter)
Imported 'GUID: 8a89fa14b10d46a99122fd4f73fca9a2' -> (Import Result ID: 'b1cfc6af09bf39d6832ed3e45adc43ab') in 0.009 seconds [static dependencies only]. Details - ImportResultOutputID=cbc3bbf2d843e56be7c9e6f21f25942f DependenciesID=8e2c3955b4b6e978dd4c3753963bd6cd StaticDependenciesID=703226aeeba76160780cf50972d3ec06 
Refreshing native plugins compatible for Editor in 6.01 ms, found 5 plugins.
Asset Pipeline Refresh (id=cacca4749ad72e74d9694c28f5576ade): Total: 0.158 seconds - Initiated by StopAssetImportingV2(NoUpdateAssetOptions)
Importing 'GUID: 234b6a9c6c315854c806599b1e7f7d88 - Path: Assets/Scenes/Scene1.unity' with importer (DefaultImporter)
Imported 'GUID: 234b6a9c6c315854c806599b1e7f7d88' -> (Import Result ID: '0d2c8183c4b6b19377d5ce9d5e1ee7d6') in 0.002 seconds [static dependencies only]. Details - ImportResultOutputID=a036add2a8dee12fb991e0c390493606 DependenciesID=d0e3766612284152a122ed1ed52334b0 StaticDependenciesID=00baa11607493c4b7172d200d6e59def 
Refreshing native plugins compatible for Editor in 5.17 ms, found 5 plugins.
Asset Pipeline Refresh (id=929d04a3761ad084ca04213b1460df3c): Total: 0.116 seconds - Initiated by StopAssetImportingV2(NoUpdateAssetOptions)
Opening scene 'Assets/Scenes/MainMenu.unity'
Unloading 25 Unused Serialized files (Serialized files now loaded: 0)
Loaded scene 'Assets/Scenes/MainMenu.unity'
	Deserialize:            7.145 ms
	Integration:            71.873 ms
	Integration of assets:  0.069 ms
	Thread Wait Time:       0.091 ms
	Total Operation Time:   79.177 ms
Unloading 193 unused Assets / (9.4 MB). Loaded Objects now: 13025.
Memory consumption went from 0.81 GB to 0.80 GB.
Total: 91.446300 ms (FindLiveObjects: 2.681100 ms CreateObjectMapping: 0.852600 ms MarkObjects: 86.433600 ms  DeleteObjects: 0.676100 ms)

[Worker2] Imported GUID: 297b588ec81c8cb44b137a710a1f695a - Path: Assets/Scenes/Scene2.unity - Importer: PreviewImporter -> (ImportResultId: 'f81e56de5f957c59d420ece92317f920') in 0.0499009 seconds
Importing 'GUID: 99c9720ab356a0642a771bea13969a05 - Path: Assets/Scenes/MainMenu.unity' with importer (DefaultImporter)
Imported 'GUID: 99c9720ab356a0642a771bea13969a05' -> (Import Result ID: '6f523d25710ee53c80a14c0ffae3ba93') in 0.003 seconds [static dependencies only]. Details - ImportResultOutputID=b2b4b1a3c4855eea37f724322e9dd089 DependenciesID=59cbea0a6c0ae37081e1a2edeee6a3ef StaticDependenciesID=4a2a8e5cc250251218d09e9868df6ed8 
Refreshing native plugins compatible for Editor in 6.48 ms, found 5 plugins.
Asset Pipeline Refresh (id=9e1a8bd307631a54799e0a3dbd915d33): Total: 0.131 seconds - Initiated by StopAssetImportingV2(NoUpdateAssetOptions)
Opening scene 'Assets/Scenes/Scene2.unity'
Unloading 24 Unused Serialized files (Serialized files now loaded: 0)
Loaded scene 'Assets/Scenes/Scene2.unity'
	Deserialize:            6.279 ms
	Integration:            65.694 ms
	Integration of assets:  0.547 ms
	Thread Wait Time:       0.169 ms
	Total Operation Time:   72.689 ms
Unloading 182 unused Assets / (9.7 MB). Loaded Objects now: 12995.
Memory consumption went from 0.81 GB to 0.80 GB.
Total: 76.002300 ms (FindLiveObjects: 1.945400 ms CreateObjectMapping: 0.716800 ms MarkObjects: 72.116300 ms  DeleteObjects: 0.501300 ms)

GPU Resident Drawer disposed.
Entering Playmode with Reload Domain disabled.
If you experience any issues, please disable "Enter Play Mode Options" in Editor Settings
Entering Playmode with Reload Scene disabled. If you experience any issues, please disable "Enter Play Mode Options" in Editor Settings
GPU Resident Drawer created.
GPU Resident Drawer disposed.
Unloading 11 Unused Serialized files (Serialized files now loaded: 0)
Loaded scene 'Temp/__Backupscenes/0.backup'
	Deserialize:            1.370 ms
	Integration:            47.224 ms
	Integration of assets:  0.005 ms
	Thread Wait Time:       0.084 ms
	Total Operation Time:   48.682 ms
Unloading 9 unused Assets / (138.6 KB). Loaded Objects now: 12928.
Memory consumption went from 0.79 GB to 0.79 GB.
Total: 68.995800 ms (FindLiveObjects: 1.674500 ms CreateObjectMapping: 0.609100 ms MarkObjects: 65.825200 ms  DeleteObjects: 0.191100 ms)

[Licensing::Client] Successfully resolved entitlement details
[Licensing::Module] License group:
  Id: F4-3VZ2-5WT4-GH8V-WM95-XXXX
  Product: Unity Personal
  Type: ULF
  Expiration: Unlimited
[Licensing::Module] License group:
  Id: 2476045025254-UnityPersXXXX
  Product: Unity Personal
  Type: Assigned
  Expiration: Unlimited
GPU Resident Drawer created.
[Worker2] Imported GUID: 813880d116a0269409a8a23ebdb4f887 - Path: Assets/Scenes/Scene3.unity - Importer: PreviewImporter -> (ImportResultId: '2f67102a9c481c7684c0d9d353191622') in 0.0412873 seconds
Importing 'GUID: 00000000000000009000000000000000 - Path: ProjectSettings/QualitySettings.asset' with importer (LibraryAssetImporter)
Imported 'GUID: 00000000000000009000000000000000' -> (Import Result ID: '8151b601d05d3e12de314c2aa1f82962') in 0.002 seconds [static dependencies only]. Details - ImportResultOutputID=2a108b3da874f726c62fbe5f12be4a8a DependenciesID=6180c49ef29638684367d2893c04e070 StaticDependenciesID=5b19720d9149525484b40148944c8e26 
Importing 'GUID: 0000000000000000b000000000000000 - Path: ProjectSettings/EditorBuildSettings.asset' with importer (LibraryAssetImporter)
Imported 'GUID: 0000000000000000b000000000000000' -> (Import Result ID: '9471a9356de28d23b842388da0b81486') in 0.002 seconds [static dependencies only]. Details - ImportResultOutputID=0a89a5c5f492143e0fa186859e17ba6f DependenciesID=13968a1ea0aba76434bce8c4646787a2 StaticDependenciesID=477ee51f181756e4219eb0118822df3f 
Importing 'GUID: 8a89fa14b10d46a99122fd4f73fca9a2 - Path: Assets/TextMesh Pro/Examples & Extras/Resources/Fonts & Materials/Anton SDF.asset' with importer (NativeFormatImporter)
Imported 'GUID: 8a89fa14b10d46a99122fd4f73fca9a2' -> (Import Result ID: 'f17d71d216d8ec75b3460c4cbea47222') in 0.010 seconds [static dependencies only]. Details - ImportResultOutputID=cbc3bbf2d843e56be7c9e6f21f25942f DependenciesID=ca7ad624bd0b26f1c3dfe4bd2141b8dc StaticDependenciesID=839a84716ea60d7a810bcc117a3bf93c 
Refreshing native plugins compatible for Editor in 5.73 ms, found 5 plugins.
Asset Pipeline Refresh (id=526670ea48d58a84ca342a4723346932): Total: 0.157 seconds - Initiated by StopAssetImportingV2(NoUpdateAssetOptions)
Importing 'GUID: 297b588ec81c8cb44b137a710a1f695a - Path: Assets/Scenes/Scene2.unity' with importer (DefaultImporter)
Imported 'GUID: 297b588ec81c8cb44b137a710a1f695a' -> (Import Result ID: '1c3b8ad21d82e61b87f6c2ceafb64487') in 0.002 seconds [static dependencies only]. Details - ImportResultOutputID=5b9368d90724753310f401f936b8e06e DependenciesID=328ef88532adf6972d95e522e7e5baa9 StaticDependenciesID=a71e1a3dfca5b34e735e68aa135e8529 
Refreshing native plugins compatible for Editor in 7.59 ms, found 5 plugins.
Asset Pipeline Refresh (id=475eac6dd2ec8aa4787049c40e502d42): Total: 0.122 seconds - Initiated by StopAssetImportingV2(NoUpdateAssetOptions)
Opening scene 'Assets/Scenes/Scene3.unity'
Unloading 25 Unused Serialized files (Serialized files now loaded: 0)
Loaded scene 'Assets/Scenes/Scene3.unity'
	Deserialize:            4.844 ms
	Integration:            65.116 ms
	Integration of assets:  0.061 ms
	Thread Wait Time:       0.064 ms
	Total Operation Time:   70.085 ms
Unloading 170 unused Assets / (44.9 MB). Loaded Objects now: 13014.
Memory consumption went from 0.84 GB to 0.80 GB.
Total: 75.869800 ms (FindLiveObjects: 2.263500 ms CreateObjectMapping: 0.890600 ms MarkObjects: 71.290600 ms  DeleteObjects: 0.473900 ms)

GPU Resident Drawer disposed.
Entering Playmode with Reload Domain disabled.
If you experience any issues, please disable "Enter Play Mode Options" in Editor Settings
Entering Playmode with Reload Scene disabled. If you experience any issues, please disable "Enter Play Mode Options" in Editor Settings
GPU Resident Drawer created.
GPU Resident Drawer disposed.
Unloading 10 Unused Serialized files (Serialized files now loaded: 0)
Loaded scene 'Temp/__Backupscenes/0.backup'
	Deserialize:            1.462 ms
	Integration:            50.098 ms
	Integration of assets:  0.003 ms
	Thread Wait Time:       0.055 ms
	Total Operation Time:   51.618 ms
Unloading 20 unused Assets / (27.5 MB). Loaded Objects now: 12934.
Memory consumption went from 0.82 GB to 0.79 GB.
Total: 73.352100 ms (FindLiveObjects: 1.722200 ms CreateObjectMapping: 0.740200 ms MarkObjects: 69.787800 ms  DeleteObjects: 0.276300 ms)

GPU Resident Drawer created.
GPU Resident Drawer disposed.
Entering Playmode with Reload Domain disabled.
If you experience any issues, please disable "Enter Play Mode Options" in Editor Settings
Entering Playmode with Reload Scene disabled. If you experience any issues, please disable "Enter Play Mode Options" in Editor Settings
GPU Resident Drawer created.
GPU Resident Drawer disposed.
Unloading 5 Unused Serialized files (Serialized files now loaded: 0)
Loaded scene 'Temp/__Backupscenes/0.backup'
	Deserialize:            1.790 ms
	Integration:            52.558 ms
	Integration of assets:  0.006 ms
	Thread Wait Time:       0.035 ms
	Total Operation Time:   54.388 ms
Unloading 3 unused Assets / (497.1 KB). Loaded Objects now: 12917.
Memory consumption went from 0.79 GB to 0.79 GB.
Total: 73.905600 ms (FindLiveObjects: 1.765900 ms CreateObjectMapping: 0.525400 ms MarkObjects: 70.719600 ms  DeleteObjects: 0.159400 ms)

[Licensing::Client] Successfully resolved entitlement details
[Licensing::Module] License group:
  Id: F4-3VZ2-5WT4-GH8V-WM95-XXXX
  Product: Unity Personal
  Type: ULF
  Expiration: Unlimited
[Licensing::Module] License group:
  Id: 2476045025254-UnityPersXXXX
  Product: Unity Personal
  Type: Assigned
  Expiration: Unlimited
GPU Resident Drawer created.
GPU Resident Drawer disposed.
Entering Playmode with Reload Domain disabled.
If you experience any issues, please disable "Enter Play Mode Options" in Editor Settings
Entering Playmode with Reload Scene disabled. If you experience any issues, please disable "Enter Play Mode Options" in Editor Settings
GPU Resident Drawer created.
GPU Resident Drawer disposed.
Unloading 7 Unused Serialized files (Serialized files now loaded: 0)
Loaded scene 'Temp/__Backupscenes/0.backup'
	Deserialize:            1.657 ms
	Integration:            57.092 ms
	Integration of assets:  0.004 ms
	Thread Wait Time:       0.053 ms
	Total Operation Time:   58.806 ms
Unloading 2 unused Assets / (0.9 MB). Loaded Objects now: 12947.
Memory consumption went from 0.79 GB to 0.79 GB.
Total: 75.381300 ms (FindLiveObjects: 1.984200 ms CreateObjectMapping: 0.695500 ms MarkObjects: 71.712300 ms  DeleteObjects: 0.148400 ms)

[Licensing::Client] Successfully resolved entitlement details
[Licensing::Module] License group:
  Id: F4-3VZ2-5WT4-GH8V-WM95-XXXX
  Product: Unity Personal
  Type: ULF
  Expiration: Unlimited
[Licensing::Module] License group:
  Id: 2476045025254-UnityPersXXXX
  Product: Unity Personal
  Type: Assigned
  Expiration: Unlimited
GPU Resident Drawer created.
[Worker2] Imported GUID: 99c9720ab356a0642a771bea13969a05 - Path: Assets/Scenes/MainMenu.unity - Importer: PreviewImporter -> (ImportResultId: '909197aba43016d479eb9abf94653c56') in 0.0442896 seconds
Importing 'GUID: 00000000000000009000000000000000 - Path: ProjectSettings/QualitySettings.asset' with importer (LibraryAssetImporter)
Imported 'GUID: 00000000000000009000000000000000' -> (Import Result ID: '8151b601d05d3e12de314c2aa1f82962') in 0.002 seconds [static dependencies only]. Details - ImportResultOutputID=2a108b3da874f726c62fbe5f12be4a8a DependenciesID=6180c49ef29638684367d2893c04e070 StaticDependenciesID=5b19720d9149525484b40148944c8e26 
Importing 'GUID: 0000000000000000b000000000000000 - Path: ProjectSettings/EditorBuildSettings.asset' with importer (LibraryAssetImporter)
Imported 'GUID: 0000000000000000b000000000000000' -> (Import Result ID: '9471a9356de28d23b842388da0b81486') in 0.001 seconds [static dependencies only]. Details - ImportResultOutputID=0a89a5c5f492143e0fa186859e17ba6f DependenciesID=13968a1ea0aba76434bce8c4646787a2 StaticDependenciesID=477ee51f181756e4219eb0118822df3f 
Importing 'GUID: 8a89fa14b10d46a99122fd4f73fca9a2 - Path: Assets/TextMesh Pro/Examples & Extras/Resources/Fonts & Materials/Anton SDF.asset' with importer (NativeFormatImporter)
Imported 'GUID: 8a89fa14b10d46a99122fd4f73fca9a2' -> (Import Result ID: 'ea591789fb580381927760ecd60b8d8b') in 0.009 seconds [static dependencies only]. Details - ImportResultOutputID=cbc3bbf2d843e56be7c9e6f21f25942f DependenciesID=016dddac34ba514a2a15c53c17c620c4 StaticDependenciesID=4d59f4768d2f93bd892c404cca806525 
Refreshing native plugins compatible for Editor in 7.53 ms, found 5 plugins.
Asset Pipeline Refresh (id=541f5e7fddc91554c8b823b1c294a193): Total: 0.158 seconds - Initiated by StopAssetImportingV2(NoUpdateAssetOptions)
Importing 'GUID: 813880d116a0269409a8a23ebdb4f887 - Path: Assets/Scenes/Scene3.unity' with importer (DefaultImporter)
Imported 'GUID: 813880d116a0269409a8a23ebdb4f887' -> (Import Result ID: '393e226b385fba7fcdf5cf6b77b2b6a7') in 0.002 seconds [static dependencies only]. Details - ImportResultOutputID=36154226a8279f619fe1ed50af91ff06 DependenciesID=1a3a6d4eb48f0f0e63fa57b675c83060 StaticDependenciesID=d095022c3a1ccf78b3d033341c36e6e2 
Refreshing native plugins compatible for Editor in 6.98 ms, found 5 plugins.
Asset Pipeline Refresh (id=9149ee972f33ff743ae28a4641657d6a): Total: 0.120 seconds - Initiated by StopAssetImportingV2(NoUpdateAssetOptions)
Opening scene 'Assets/Scenes/MainMenu.unity'
Unloading 25 Unused Serialized files (Serialized files now loaded: 0)
Loaded scene 'Assets/Scenes/MainMenu.unity'
	Deserialize:            5.194 ms
	Integration:            53.422 ms
	Integration of assets:  0.056 ms
	Thread Wait Time:       0.126 ms
	Total Operation Time:   58.798 ms
Unloading 172 unused Assets / (10.1 MB). Loaded Objects now: 13051.
Memory consumption went from 0.81 GB to 0.80 GB.
Total: 72.982600 ms (FindLiveObjects: 1.995400 ms CreateObjectMapping: 0.754700 ms MarkObjects: 68.977400 ms  DeleteObjects: 0.492300 ms)

Opening scene 'Assets/Scenes/Scene1.unity'
[Worker2] Imported GUID: 234b6a9c6c315854c806599b1e7f7d88 - Path: Assets/Scenes/Scene1.unity - Importer: PreviewImporter -> (ImportResultId: '5932bae49fa4c6fdac3a041710ef8d74') in 0.0565437 seconds
Unloading 9 Unused Serialized files (Serialized files now loaded: 0)
Loaded scene 'Assets/Scenes/Scene1.unity'
	Deserialize:            10.394 ms
	Integration:            55.701 ms
	Integration of assets:  0.518 ms
	Thread Wait Time:       0.068 ms
	Total Operation Time:   66.681 ms
Unloading 16 unused Assets / (2.0 MB). Loaded Objects now: 13100.
Memory consumption went from 0.80 GB to 0.79 GB.
Total: 78.755500 ms (FindLiveObjects: 2.018000 ms CreateObjectMapping: 0.690800 ms MarkObjects: 74.905700 ms  DeleteObjects: 0.313600 ms)

GPU Resident Drawer disposed.
Entering Playmode with Reload Domain disabled.
If you experience any issues, please disable "Enter Play Mode Options" in Editor Settings
Entering Playmode with Reload Scene disabled. If you experience any issues, please disable "Enter Play Mode Options" in Editor Settings
GPU Resident Drawer created.
GPU Resident Drawer disposed.
Unloading 15 Unused Serialized files (Serialized files now loaded: 0)
Loaded scene 'Temp/__Backupscenes/0.backup'
	Deserialize:            2.150 ms
	Integration:            46.376 ms
	Integration of assets:  0.006 ms
	Thread Wait Time:       0.031 ms
	Total Operation Time:   48.562 ms
Unloading 10 unused Assets / (161.5 KB). Loaded Objects now: 13014.
Memory consumption went from 0.79 GB to 0.79 GB.
Total: 77.293600 ms (FindLiveObjects: 2.034600 ms CreateObjectMapping: 0.869300 ms MarkObjects: 73.461600 ms  DeleteObjects: 0.205400 ms)

GPU Resident Drawer created.
GPU Resident Drawer disposed.
Entering Playmode with Reload Domain disabled.
If you experience any issues, please disable "Enter Play Mode Options" in Editor Settings
Entering Playmode with Reload Scene disabled. If you experience any issues, please disable "Enter Play Mode Options" in Editor Settings
GPU Resident Drawer created.
GPU Resident Drawer disposed.
Unloading 7 Unused Serialized files (Serialized files now loaded: 0)
Loaded scene 'Temp/__Backupscenes/0.backup'
	Deserialize:            2.473 ms
	Integration:            51.176 ms
	Integration of assets:  0.007 ms
	Thread Wait Time:       0.058 ms
	Total Operation Time:   53.714 ms
Unloading 4 unused Assets / (439.3 KB). Loaded Objects now: 13019.
Memory consumption went from 0.79 GB to 0.79 GB.
Total: 69.409800 ms (FindLiveObjects: 1.662300 ms CreateObjectMapping: 0.560300 ms MarkObjects: 66.215400 ms  DeleteObjects: 0.164600 ms)

GPU Resident Drawer created.
GPU Resident Drawer disposed.
Entering Playmode with Reload Domain disabled.
If you experience any issues, please disable "Enter Play Mode Options" in Editor Settings
Entering Playmode with Reload Scene disabled. If you experience any issues, please disable "Enter Play Mode Options" in Editor Settings
GPU Resident Drawer created.
GPU Resident Drawer disposed.
Unloading 9 Unused Serialized files (Serialized files now loaded: 0)
Loaded scene 'Temp/__Backupscenes/0.backup'
	Deserialize:            2.473 ms
	Integration:            52.311 ms
	Integration of assets:  0.006 ms
	Thread Wait Time:       0.067 ms
	Total Operation Time:   54.857 ms
Unloading 3 unused Assets / (26.9 MB). Loaded Objects now: 13052.
Memory consumption went from 0.82 GB to 0.79 GB.
Total: 70.886800 ms (FindLiveObjects: 1.828300 ms CreateObjectMapping: 0.576400 ms MarkObjects: 67.147700 ms  DeleteObjects: 0.157400 ms)

GPU Resident Drawer created.
GPU Resident Drawer disposed.
Entering Playmode with Reload Domain disabled.
If you experience any issues, please disable "Enter Play Mode Options" in Editor Settings
Entering Playmode with Reload Scene disabled. If you experience any issues, please disable "Enter Play Mode Options" in Editor Settings
GPU Resident Drawer created.
GPU Resident Drawer disposed.
Unloading 6 Unused Serialized files (Serialized files now loaded: 0)
Loaded scene 'Temp/__Backupscenes/0.backup'
	Deserialize:            2.730 ms
	Integration:            55.569 ms
	Integration of assets:  0.004 ms
	Thread Wait Time:       0.127 ms
	Total Operation Time:   58.430 ms
Unloading 2 unused Assets / (13.2 MB). Loaded Objects now: 13058.
Memory consumption went from 0.80 GB to 0.79 GB.
Total: 75.352300 ms (FindLiveObjects: 1.920800 ms CreateObjectMapping: 0.754600 ms MarkObjects: 71.595700 ms  DeleteObjects: 0.167200 ms)

GPU Resident Drawer created.
GPU Resident Drawer disposed.
Entering Playmode with Reload Domain disabled.
If you experience any issues, please disable "Enter Play Mode Options" in Editor Settings
Entering Playmode with Reload Scene disabled. If you experience any issues, please disable "Enter Play Mode Options" in Editor Settings
GPU Resident Drawer created.
GPU Resident Drawer disposed.
Unloading 6 Unused Serialized files (Serialized files now loaded: 0)
Loaded scene 'Temp/__Backupscenes/0.backup'
	Deserialize:            2.424 ms
	Integration:            58.044 ms
	Integration of assets:  0.004 ms
	Thread Wait Time:       0.050 ms
	Total Operation Time:   60.521 ms
Unloading 2 unused Assets / (9.4 MB). Loaded Objects now: 13064.
Memory consumption went from 0.80 GB to 0.79 GB.
Total: 77.019000 ms (FindLiveObjects: 1.986300 ms CreateObjectMapping: 0.583900 ms MarkObjects: 73.505000 ms  DeleteObjects: 0.146700 ms)

[Licensing::Client] Successfully resolved entitlement details
[Licensing::Module] License group:
  Id: F4-3VZ2-5WT4-GH8V-WM95-XXXX
  Product: Unity Personal
  Type: ULF
  Expiration: Unlimited
[Licensing::Module] License group:
  Id: 2476045025254-UnityPersXXXX
  Product: Unity Personal
  Type: Assigned
  Expiration: Unlimited
GPU Resident Drawer created.
[Licensing::Client] Successfully resolved entitlement details
[Licensing::Module] License group:
  Id: F4-3VZ2-5WT4-GH8V-WM95-XXXX
  Product: Unity Personal
  Type: ULF
  Expiration: Unlimited
[Licensing::Module] License group:
  Id: 2476045025254-UnityPersXXXX
  Product: Unity Personal
  Type: Assigned
  Expiration: Unlimited
Asset Pipeline Refresh (id=68c0dec2486545a47a452c9d5523e3e1): Total: 0.058 seconds - Initiated by RefreshV2(AllowForceSynchronousImport)
Importing 'GUID: 00000000000000009000000000000000 - Path: ProjectSettings/QualitySettings.asset' with importer (LibraryAssetImporter)
Imported 'GUID: 00000000000000009000000000000000' -> (Import Result ID: '8151b601d05d3e12de314c2aa1f82962') in 0.002 seconds [static dependencies only]. Details - ImportResultOutputID=2a108b3da874f726c62fbe5f12be4a8a DependenciesID=6180c49ef29638684367d2893c04e070 StaticDependenciesID=5b19720d9149525484b40148944c8e26 
Importing 'GUID: 0000000000000000b000000000000000 - Path: ProjectSettings/EditorBuildSettings.asset' with importer (LibraryAssetImporter)
Imported 'GUID: 0000000000000000b000000000000000' -> (Import Result ID: '9471a9356de28d23b842388da0b81486') in 0.002 seconds [static dependencies only]. Details - ImportResultOutputID=0a89a5c5f492143e0fa186859e17ba6f DependenciesID=13968a1ea0aba76434bce8c4646787a2 StaticDependenciesID=477ee51f181756e4219eb0118822df3f 
Refreshing native plugins compatible for Editor in 6.88 ms, found 5 plugins.
Asset Pipeline Refresh (id=506b309c8c8cfad4e945c58aedffdab1): Total: 0.070 seconds - Initiated by StopAssetImportingV2(NoUpdateAssetOptions)
Importing 'GUID: 234b6a9c6c315854c806599b1e7f7d88 - Path: Assets/Scenes/Scene1.unity' with importer (DefaultImporter)
Imported 'GUID: 234b6a9c6c315854c806599b1e7f7d88' -> (Import Result ID: 'fcfaab94c3cc951815abe530b84a50ba') in 0.002 seconds [static dependencies only]. Details - ImportResultOutputID=a036add2a8dee12fb991e0c390493606 DependenciesID=0b6c90631f4500d536fe385a574ada40 StaticDependenciesID=4c1771bccaf240123b1813aa23698c5b 
Refreshing native plugins compatible for Editor in 6.40 ms, found 5 plugins.
Asset Pipeline Refresh (id=335473a1d87784b4b9343f0f1c226e98): Total: 0.122 seconds - Initiated by StopAssetImportingV2(NoUpdateAssetOptions)
[Licensing::Client] Error: Code 404 while processing request (status: Found 0 entitlement groups and 0 free entitlements matching requested entitlement ids)
Asset Pipeline Refresh (id=231a113fc6ba757448c869295c79e31c): Total: 0.037 seconds - Initiated by RefreshV2(AllowForceSynchronousImport)
MonoPathRemapper: Attempts to remap: 162834; Successful remaps: 40440
Serialized file version minimum: 22, current 23
[LAYOUT] About to save layout C:\Users\nadia\Documents\GitHub\KioskProject\KioskProject\UserSettings\Layouts\default-6000.dwlt
[LAYOUT] About to save layout C:/Users/nadia/AppData/Roaming/Unity/Editor-5.x/Preferences\Layouts\current\default-6000.dwlt
Clearing [Anton SDF] dynamic font asset data.
UnityEngine.Debug:ExtractStackTraceNoAlloc (byte*,int,string)
UnityEngine.StackTraceUtility:ExtractStackTrace ()
UnityEngine.DebugLogHandler:Internal_Log (UnityEngine.LogType,UnityEngine.LogOption,string,UnityEngine.Object)
UnityEngine.DebugLogHandler:LogFormat (UnityEngine.LogType,UnityEngine.Object,string,object[])
UnityEngine.Logger:Log (UnityEngine.LogType,object)
UnityEngine.Debug:Log (object)
TMPro.EditorEventCallbacks/<>c:<InitializeFontAssetResourceChangeCallBacks>b__0_0 () (at ./Library/PackageCache/com.unity.ugui@23caec89ae27/Editor/TMP/TMP_EditorResourceManager.cs:36)
UnityEditor.EditorApplication:Internal_EditorApplicationQuit ()

(Filename: ./Library/PackageCache/com.unity.ugui@23caec89ae27/Editor/TMP/TMP_EditorResourceManager.cs Line: 36)

[INFO ] [relay] log Shutdown request received from client editor-15864-04d3kx
[INFO ] [relay] log Unity client requested immediate shutdown - shutting down now, reason: Shutdown requested by client
[INFO ] [relay] log Shutdown: Initiating graceful shutdown: Shutdown requested by client
SUCCESS: The process with PID 11536 (child process of PID 11944) has been terminated.
SUCCESS: The process with PID 11944 (child process of PID 15864) has been terminated.
Importing 'GUID: 8a89fa14b10d46a99122fd4f73fca9a2 - Path: Assets/TextMesh Pro/Examples & Extras/Resources/Fonts & Materials/Anton SDF.asset' with importer (NativeFormatImporter)
Imported 'GUID: 8a89fa14b10d46a99122fd4f73fca9a2' -> (Import Result ID: 'da61cf3864bb14233a2774b6076885de') in 0.005 seconds [static dependencies only]. Details - ImportResultOutputID=cbc3bbf2d843e56be7c9e6f21f25942f DependenciesID=7cee082fdf462057eca57242ebc49920 StaticDependenciesID=428873ca6690f75dd3b88c84ed1973ca 
Refreshing native plugins compatible for Editor in 13.00 ms, found 5 plugins.
Asset Pipeline Refresh (id=64b485f780e8a3c468d02eca64c4498a): Total: 0.259 seconds - Initiated by StopAssetImportingV2(NoUpdateAssetOptions)
GPU Resident Drawer disposed.
Input System module state changed to: ShutdownInProgress.
Input Polling Thread exited.
Input System module state changed to: Shutdown.
[Physics::Module] Cleanup current backend.
[Physics::Module] Id: 0xf2b8ea05
[Licensing::IpcConnector] LicenseClient-WAEC1EyiiZrrBbSeSSQu7-notifications channel disconnected successfully.
[Licensing::IpcConnector] LicenseClient-WAEC1EyiiZrrBbSeSSQu7 channel disconnected successfully.
Lingering sessions upon destruction of worker manager
Unity Data Store service was successfully shut down
UDS shutting down local client system
Shut down UDS service system complete
AcceleratorClientConnectionCallback - disconnected - :0
Cleanup mono
CodeReloadManager destroyed
abort_threads: Failed aborting id: 0000000000003FC8, mono_thread_manage will ignore it

abort_threads: Failed aborting id: 00000000000014A0, mono_thread_manage will ignore it

abort_threads: Failed aborting id: 0000000000003FC8, mono_thread_manage will ignore it

abort_threads: Failed aborting id: 00000000000014A0, mono_thread_manage will ignore it

debugger-agent: Unable to listen on 3660
Checking for leaked weakptr:
  Found no leaked weakptrs.
[Package Manager] Server process was shutdown
##utp:{"type":"MemoryLeaks","version":2,"phase":"Immediate","time":1790291737337,"processId":15864,"allocatedMemory":24865215,"memoryLabels":[{"Default":256248},{"Permanent":15516},{"NewDelete":101401},{"Thread":4184104},{"Manager":2340549},{"VertexData":8},{"Geometry":816},{"Shader":860437},{"Material":24},{"TextureCache":14744},{"GfxDevice":55968},{"Animation":952},{"Font":72277},{"FreeType":13257},{"FontEngine":736},{"Physics":1970},{"Physics2D":16},{"Serialization":42784},{"Input":45280},{"JobScheduler":256},{"TextLib":25987},{"Mono":48},{"MonoCode":768},{"ScriptingNativeRuntime":1443152},{"BaseObject":63344},{"Resource":1208},{"Renderer":2384},{"Transform":4685},{"File":57866},{"WebCam":616},{"Culling":32},{"Terrain":11442},{"Wind":24},{"STL":40},{"String":1492810},{"StaticString":3808},{"Utility":2674498},{"PoolAlloc":3416},{"AI":80},{"TypeTree":518229},{"ScriptManager":18960},{"CodeReload":448},{"RuntimeInitializeOnLoadManager":64},{"Sprites":102},{"SpriteAtlas":120},{"GI":7816},{"Director":8296},{"CloudService":7728},{"WebRequest":5799},{"VR":49650},{"SceneManager":608},{"Video":208},{"LazyScriptCache":32},{"NativeArray":10560},{"Camera":729},{"Secure":265},{"SerializationCache":9256},{"APIUpdating":10320},{"Subsystems":336},{"VirtualTexturing":57888},{"StaticSafetyDebugInfo":278528},{"Analytics":768},{"Hierarchy":1188},{"UIElements":40},{"CoreStats":14456},{"Identifiers":7152},{"Gui":268824},{"EditorUtility":191224},{"VersionControl":8},{"Undo":931},{"AssetDatabase":9569479},{"AssetImporter":40},{"EditorGi":328},{"UnityConnect":37673},{"Upm":1988},{"UpmDiagnostics":8},{"AssetCompliance":96},{"DrivenProperties":72},{"LocalIPC":292},{"ProfilerEditor":9746},{"CoreBusinessMetrics":3600},{"Windowing":456},{"Licensing":12857},{"AssetReference":32},{"IPCStream":32}]}
